This is pdfTeX, Version 3.141592653-2.6-1.40.29 (MiKTeX 26.5) (preloaded format=pdflatex 2026.7.30)  31 JUL 2026 18:58
entering extended mode
 restricted \write18 enabled.
 %&-line parsing enabled.
**./main.tex
(main.tex
LaTeX2e <2026-06-01>
L3 programming layer <2026-06-18>
(C:\Users\aned.esquerra\AppData\Local\Programs\MiKTeX\tex/latex/base\book.cls
Document Class: book 2025/01/22 v1.4n Standard LaTeX document class
(C:\Users\aned.esquerra\AppData\Local\Programs\MiKTeX\tex/latex/base\bk11.clo
File: bk11.clo 2025/01/22 v1.4n Standard LaTeX file (size option)
)
\c@part=\count276
\c@chapter=\count277
\c@section=\count278
\c@subsection=\count279
\c@subsubsection=\count280
\c@paragraph=\count281
\c@subparagraph=\count282
\c@figure=\count283
\c@table=\count284
\abovecaptionskip=\skip49
\belowcaptionskip=\skip50
\bibindent=\dimen150
) (preamble.tex
(C:\Users\aned.esquerra\AppData\Local\Programs\MiKTeX\tex/latex/base\fontenc.st
y
Package: fontenc 2025/07/18 v2.1d Standard LaTeX package
)
(C:\Users\aned.esquerra\AppData\Local\Programs\MiKTeX\tex/latex/lm\lmodern.sty
Package: lmodern 2015/05/01 v1.6.1 Latin Modern Fonts
LaTeX Font Info:    Overwriting symbol font `operators' in version `normal'
(Font)                  OT1/cmr/m/n --> OT1/lmr/m/n on input line 22.
LaTeX Font Info:    Overwriting symbol font `letters' in version `normal'
(Font)                  OML/cmm/m/it --> OML/lmm/m/it on input line 23.
LaTeX Font Info:    Overwriting symbol font `symbols' in version `normal'
(Font)                  OMS/cmsy/m/n --> OMS/lmsy/m/n on input line 24.
LaTeX Font Info:    Overwriting symbol font `largesymbols' in version `normal'
(Font)                  OMX/cmex/m/n --> OMX/lmex/m/n on input line 25.
LaTeX Font Info:    Overwriting symbol font `operators' in version `bold'
(Font)                  OT1/cmr/bx/n --> OT1/lmr/bx/n on input line 26.
LaTeX Font Info:    Overwriting symbol font `letters' in version `bold'
(Font)                  OML/cmm/b/it --> OML/lmm/b/it on input line 27.
LaTeX Font Info:    Overwriting symbol font `symbols' in version `bold'
(Font)                  OMS/cmsy/b/n --> OMS/lmsy/b/n on input line 28.
LaTeX Font Info:    Overwriting symbol font `largesymbols' in version `bold'
(Font)                  OMX/cmex/m/n --> OMX/lmex/m/n on input line 29.
LaTeX Font Info:    Overwriting math alphabet `\mathbf' in version `normal'
(Font)                  OT1/cmr/bx/n --> OT1/lmr/bx/n on input line 31.
LaTeX Font Info:    Overwriting math alphabet `\mathsf' in version `normal'
(Font)                  OT1/cmss/m/n --> OT1/lmss/m/n on input line 32.
LaTeX Font Info:    Overwriting math alphabet `\mathit' in version `normal'
(Font)                  OT1/cmr/m/it --> OT1/lmr/m/it on input line 33.
LaTeX Font Info:    Overwriting math alphabet `\mathtt' in version `normal'
(Font)                  OT1/cmtt/m/n --> OT1/lmtt/m/n on input line 34.
LaTeX Font Info:    Overwriting math alphabet `\mathbf' in version `bold'
(Font)                  OT1/cmr/bx/n --> OT1/lmr/bx/n on input line 35.
LaTeX Font Info:    Overwriting math alphabet `\mathsf' in version `bold'
(Font)                  OT1/cmss/bx/n --> OT1/lmss/bx/n on input line 36.
LaTeX Font Info:    Overwriting math alphabet `\mathit' in version `bold'
(Font)                  OT1/cmr/bx/it --> OT1/lmr/bx/it on input line 37.
LaTeX Font Info:    Overwriting math alphabet `\mathtt' in version `bold'
(Font)                  OT1/cmtt/m/n --> OT1/lmtt/m/n on input line 38.
)
(C:\Users\aned.esquerra\AppData\Local\Programs\MiKTeX\tex/latex/base\inputenc.s
ty
Package: inputenc 2024/02/08 v1.3d Input encoding file
\inpenc@prehook=\toks17
\inpenc@posthook=\toks18
)
(C:\Users\aned.esquerra\AppData\Local\Programs\MiKTeX\tex/latex/amsmath\amsmath
.sty
Package: amsmath 2026/05/19 v2.18d AMS math features
\@mathmargin=\skip51

For additional information on amsmath, use the `?' option.

(C:\Users\aned.esquerra\AppData\Local\Programs\MiKTeX\tex/latex/amsmath\amstext
.sty
Package: amstext 2024/11/17 v2.01 AMS text

(C:\Users\aned.esquerra\AppData\Local\Programs\MiKTeX\tex/latex/amsmath\amsgen.
sty
File: amsgen.sty 1999/11/30 v2.0 generic functions
\@emptytoks=\toks19
\ex@=\dimen151
))
(C:\Users\aned.esquerra\AppData\Local\Programs\MiKTeX\tex/latex/amsmath\amsbsy.
sty
Package: amsbsy 1999/11/29 v1.2d Bold Symbols
\pmbraise@=\dimen152
)
(C:\Users\aned.esquerra\AppData\Local\Programs\MiKTeX\tex/latex/amsmath\amsopn.
sty
Package: amsopn 2022/04/08 v2.04 operator names
)
\inf@bad=\count285
LaTeX Info: Redefining \frac on input line 233.
\uproot@=\count286
\leftroot@=\count287
LaTeX Info: Redefining \overline on input line 398.
LaTeX Info: Redefining \colon on input line 409.
\classnum@=\count288
\DOTSCASE@=\count289
LaTeX Info: Redefining \ldots on input line 495.
LaTeX Info: Redefining \dots on input line 498.
LaTeX Info: Redefining \cdots on input line 619.
\Mathstrutbox@=\box53
\strutbox@=\box54
LaTeX Info: Redefining \big on input line 721.
LaTeX Info: Redefining \Big on input line 722.
LaTeX Info: Redefining \bigg on input line 723.
LaTeX Info: Redefining \Bigg on input line 724.
\big@size=\dimen153
LaTeX Font Info:    Redeclaring font encoding OML on input line 742.
LaTeX Font Info:    Redeclaring font encoding OMS on input line 743.
\macc@depth=\count290
LaTeX Info: Redefining \bmod on input line 904.
LaTeX Info: Redefining \pmod on input line 909.
LaTeX Info: Redefining \smash on input line 939.
LaTeX Info: Redefining \relbar on input line 969.
LaTeX Info: Redefining \Relbar on input line 970.
\c@MaxMatrixCols=\count291
\dotsspace@=\muskip17
\c@parentequation=\count292
\dspbrk@lvl=\count293
\tag@help=\toks20
\row@=\count294
\column@=\count295
\maxfields@=\count296
\andhelp@=\toks21
\eqnshift@=\dimen154
\alignsep@=\dimen155
\tagshift@=\dimen156
\tagwidth@=\dimen157
\totwidth@=\dimen158
\lineht@=\dimen159
\@envbody=\toks22
\multlinegap=\skip52
\multlinetaggap=\skip53
\mathdisplay@stack=\toks23
LaTeX Info: Redefining \[ on input line 2965.
LaTeX Info: Redefining \] on input line 2966.
)
(C:\Users\aned.esquerra\AppData\Local\Programs\MiKTeX\tex/latex/amsfonts\amsfon
ts.sty
Package: amsfonts 2013/01/14 v3.01 Basic AMSFonts support
\symAMSa=\mathgroup4
\symAMSb=\mathgroup5
LaTeX Font Info:    Redeclaring math symbol \hbar on input line 98.
LaTeX Font Info:    Overwriting math alphabet `\mathfrak' in version `bold'
(Font)                  U/euf/m/n --> U/euf/b/n on input line 106.
)
(C:\Users\aned.esquerra\AppData\Local\Programs\MiKTeX\tex/latex/amsfonts\amssym
b.sty
Package: amssymb 2013/01/14 v3.01 AMS font symbols
)
(C:\Users\aned.esquerra\AppData\Local\Programs\MiKTeX\tex/latex/geometry\geomet
ry.sty
Package: geometry 2026/03/07 v6.0 Page Geometry

(C:\Users\aned.esquerra\AppData\Local\Programs\MiKTeX\tex/latex/graphics\keyval
.sty
Package: keyval 2026-05-17 v1.15 key=value parser (DPC)
\KV@toks@=\toks24
)
(C:\Users\aned.esquerra\AppData\Local\Programs\MiKTeX\tex/generic/iftex\ifvtex.
sty
Package: ifvtex 2019/10/25 v1.7 ifvtex legacy package. Use iftex instead.

(C:\Users\aned.esquerra\AppData\Local\Programs\MiKTeX\tex/generic/iftex\iftex.s
ty
Package: iftex 2024/12/12 v1.0g TeX engine tests
))
\Gm@cnth=\count297
\Gm@cntv=\count298
\c@Gm@tempcnt=\count299
\Gm@bindingoffset=\dimen160
\Gm@wd@mp=\dimen161
\Gm@odd@mp=\dimen162
\Gm@even@mp=\dimen163
\Gm@layoutwidth=\dimen164
\Gm@layoutheight=\dimen165
\Gm@layouthoffset=\dimen166
\Gm@layoutvoffset=\dimen167
\Gm@dimlist=\toks25

(C:\Users\aned.esquerra\AppData\Local\Programs\MiKTeX\tex/latex/geometry\geomet
ry.cfg))
(C:\Users\aned.esquerra\AppData\Local\Programs\MiKTeX\tex/latex/xcolor\xcolor.s
ty
Package: xcolor 2024/09/29 v3.02 LaTeX color extensions (UK)

(C:\Users\aned.esquerra\AppData\Local\Programs\MiKTeX\tex/latex/graphics-cfg\co
lor.cfg
File: color.cfg 2016/01/02 v1.6 sample color configuration
)
Package xcolor Info: Driver file: pdftex.def on input line 274.

(C:\Users\aned.esquerra\AppData\Local\Programs\MiKTeX\tex/latex/graphics-def\pd
ftex.def
File: pdftex.def 2025/09/29 v1.2d Graphics/color driver for pdftex
)
(C:\Users\aned.esquerra\AppData\Local\Programs\MiKTeX\tex/latex/graphics\mathco
lor.ltx)
Package xcolor Info: Model `cmy' substituted by `cmy0' on input line 1349.
Package xcolor Info: Model `hsb' substituted by `rgb' on input line 1353.
Package xcolor Info: Model `RGB' extended on input line 1365.
Package xcolor Info: Model `HTML' substituted by `rgb' on input line 1367.
Package xcolor Info: Model `Hsb' substituted by `hsb' on input line 1368.
Package xcolor Info: Model `tHsb' substituted by `hsb' on input line 1369.
Package xcolor Info: Model `HSB' substituted by `hsb' on input line 1370.
Package xcolor Info: Model `Gray' substituted by `gray' on input line 1371.
Package xcolor Info: Model `wave' substituted by `hsb' on input line 1372.
)
(C:\Users\aned.esquerra\AppData\Local\Programs\MiKTeX\tex/latex/listings\listin
gs.sty
\lst@mode=\count300
\lst@gtempboxa=\box55
\lst@token=\toks26
\lst@length=\count301
\lst@currlwidth=\dimen168
\lst@column=\count302
\lst@pos=\count303
\lst@lostspace=\dimen169
\lst@width=\dimen170
\lst@newlines=\count304
\lst@lineno=\count305
\lst@maxwidth=\dimen171

(C:\Users\aned.esquerra\AppData\Local\Programs\MiKTeX\tex/latex/listings\lstpat
ch.sty
File: lstpatch.sty 2025/11/14 1.11b (Carsten Heinz)
)
(C:\Users\aned.esquerra\AppData\Local\Programs\MiKTeX\tex/latex/listings\lstmis
c.sty
File: lstmisc.sty 2025/11/14 1.11b (Carsten Heinz)
\c@lstnumber=\count306
\lst@skipnumbers=\count307
\lst@framebox=\box56
)
(C:\Users\aned.esquerra\AppData\Local\Programs\MiKTeX\tex/latex/listings\listin
gs.cfg
File: listings.cfg 2025/11/14 1.11b listings configuration
))
Package: listings 2025/11/14 1.11b (Carsten Heinz)

(C:\Users\aned.esquerra\AppData\Local\Programs\MiKTeX\tex/latex/hyperref\hyperr
ef.sty
Package: hyperref 2026-06-17 v7.01r Hypertext links for LaTeX

(C:\Users\aned.esquerra\AppData\Local\Programs\MiKTeX\tex/latex/kvsetkeys\kvset
keys.sty
Package: kvsetkeys 2022-10-05 v1.19 Key value parser (HO)
)
(C:\Users\aned.esquerra\AppData\Local\Programs\MiKTeX\tex/generic/kvdefinekeys\
kvdefinekeys.sty
Package: kvdefinekeys 2019-12-19 v1.6 Define keys (HO)
)
(C:\Users\aned.esquerra\AppData\Local\Programs\MiKTeX\tex/generic/pdfescape\pdf
escape.sty
Package: pdfescape 2019/12/09 v1.15 Implements pdfTeX's escape features (HO)

(C:\Users\aned.esquerra\AppData\Local\Programs\MiKTeX\tex/generic/ltxcmds\ltxcm
ds.sty
Package: ltxcmds 2023-12-04 v1.26 LaTeX kernel commands for general use (HO)
)
(C:\Users\aned.esquerra\AppData\Local\Programs\MiKTeX\tex/generic/pdftexcmds\pd
ftexcmds.sty
Package: pdftexcmds 2020-06-27 v0.33 Utility functions of pdfTeX for LuaTeX (HO
)

(C:\Users\aned.esquerra\AppData\Local\Programs\MiKTeX\tex/generic/infwarerr\inf
warerr.sty
Package: infwarerr 2019/12/03 v1.5 Providing info/warning/error messages (HO)
)
Package pdftexcmds Info: \pdf@primitive is available.
Package pdftexcmds Info: \pdf@ifprimitive is available.
Package pdftexcmds Info: \pdfdraftmode found.
))
(C:\Users\aned.esquerra\AppData\Local\Programs\MiKTeX\tex/latex/hycolor\hycolor
.sty
Package: hycolor 2020-01-27 v1.10 Color options for hyperref/bookmark (HO)
)
(C:\Users\aned.esquerra\AppData\Local\Programs\MiKTeX\tex/latex/hyperref\namere
f.sty
Package: nameref 2026-01-29 v2.58 Cross-referencing by name of section

(C:\Users\aned.esquerra\AppData\Local\Programs\MiKTeX\tex/latex/refcount\refcou
nt.sty
Package: refcount 2019/12/15 v3.6 Data extraction from label references (HO)
)
(C:\Users\aned.esquerra\AppData\Local\Programs\MiKTeX\tex/generic/gettitlestrin
g\gettitlestring.sty
Package: gettitlestring 2019/12/15 v1.6 Cleanup title references (HO)

(C:\Users\aned.esquerra\AppData\Local\Programs\MiKTeX\tex/latex/kvoptions\kvopt
ions.sty
Package: kvoptions 2022-06-15 v3.15 Key value format for package options (HO)
))
\c@section@level=\count308
)
(C:\Users\aned.esquerra\AppData\Local\Programs\MiKTeX\tex/latex/etoolbox\etoolb
ox.sty
Package: etoolbox 2025/10/02 v2.5m e-TeX tools for LaTeX (JAW)
\etb@tempcnta=\count309
)
(C:\Users\aned.esquerra\AppData\Local\Programs\MiKTeX\tex/generic/stringenc\str
ingenc.sty
Package: stringenc 2019/11/29 v1.12 Convert strings between diff. encodings (HO
)
)
\@linkdim=\dimen172
\Hy@linkcounter=\count310
\Hy@pagecounter=\count311

(C:\Users\aned.esquerra\AppData\Local\Programs\MiKTeX\tex/latex/hyperref\pd1enc
.def
File: pd1enc.def 2026-06-17 v7.01r Hyperref: PDFDocEncoding definition (HO)
Now handling font encoding PD1 ...
... no UTF-8 mapping file for font encoding PD1
)
(C:\Users\aned.esquerra\AppData\Local\Programs\MiKTeX\tex/generic/intcalc\intca
lc.sty
Package: intcalc 2019/12/15 v1.3 Expandable calculations with integers (HO)
)
\Hy@SavedSpaceFactor=\count312

(C:\Users\aned.esquerra\AppData\Local\Programs\MiKTeX\tex/latex/hyperref\puenc.
def
File: puenc.def 2026-06-17 v7.01r Hyperref: PDF Unicode definition (HO)
Now handling font encoding PU ...
... no UTF-8 mapping file for font encoding PU
)
Package hyperref Info: Hyper figures OFF on input line 4199.
Package hyperref Info: Link nesting OFF on input line 4204.
Package hyperref Info: Hyper index ON on input line 4207.
Package hyperref Info: Plain pages OFF on input line 4214.
Package hyperref Info: Backreferencing OFF on input line 4219.
Package hyperref Info: Implicit mode ON; LaTeX internals redefined.
Package hyperref Info: Bookmarks ON on input line 4466.
\c@Hy@tempcnt=\count313

(C:\Users\aned.esquerra\AppData\Local\Programs\MiKTeX\tex/latex/url\url.sty
\Urlmuskip=\muskip18
Package: url 2013/09/16  ver 3.4  Verb mode for urls, etc.
)
LaTeX Info: Redefining \url on input line 4805.
\XeTeXLinkMargin=\dimen173

(C:\Users\aned.esquerra\AppData\Local\Programs\MiKTeX\tex/generic/bitset\bitset
.sty
Package: bitset 2019/12/09 v1.3 Handle bit-vector datatype (HO)

(C:\Users\aned.esquerra\AppData\Local\Programs\MiKTeX\tex/generic/bigintcalc\bi
gintcalc.sty
Package: bigintcalc 2019/12/15 v1.5 Expandable calculations on big integers (HO
)
))
\Fld@menulength=\count314
\Field@Width=\dimen174
\Fld@charsize=\dimen175
Package hyperref Info: Hyper figures OFF on input line 6091.
Package hyperref Info: Link nesting OFF on input line 6096.
Package hyperref Info: Hyper index ON on input line 6099.
Package hyperref Info: backreferencing OFF on input line 6106.
Package hyperref Info: Link coloring OFF on input line 6111.
Package hyperref Info: Link coloring with OCG OFF on input line 6116.
Package hyperref Info: PDF/A mode OFF on input line 6121.
\Hy@abspage=\count315
\c@Item=\count316
\c@Hfootnote=\count317
)
Package hyperref Info: Driver (autodetected): hpdftex.

(C:\Users\aned.esquerra\AppData\Local\Programs\MiKTeX\tex/latex/hyperref\hpdfte
x.def
File: hpdftex.def 2026-06-17 v7.01r Hyperref driver for pdfTeX
\Fld@listcount=\count318
\c@bookmark@seq@number=\count319

(C:\Users\aned.esquerra\AppData\Local\Programs\MiKTeX\tex/latex/rerunfilecheck\
rerunfilecheck.sty
Package: rerunfilecheck 2025-06-21 v1.11 Rerun checks for auxiliary files (HO)

(C:\Users\aned.esquerra\AppData\Local\Programs\MiKTeX\tex/generic/uniquecounter
\uniquecounter.sty
Package: uniquecounter 2019/12/15 v1.4 Provide unlimited unique counter (HO)
)
Package uniquecounter Info: New unique counter `rerunfilecheck' on input line 2
84.
)
\Hy@SectionHShift=\skip54
)
(C:\Users\aned.esquerra\AppData\Local\Programs\MiKTeX\tex/latex/tcolorbox\tcolo
rbox.sty
Package: tcolorbox 2026/05/28 version 6.10.0 text color boxes

(C:\Users\aned.esquerra\AppData\Local\Programs\MiKTeX\tex/latex/pgf/frontendlay
er\tikz.sty
(C:\Users\aned.esquerra\AppData\Local\Programs\MiKTeX\tex/latex/pgf/basiclayer\
pgf.sty
(C:\Users\aned.esquerra\AppData\Local\Programs\MiKTeX\tex/latex/pgf/utilities\p
gfrcs.sty
(C:\Users\aned.esquerra\AppData\Local\Programs\MiKTeX\tex/generic/pgf/utilities
\pgfutil-common.tex
\pgfutil@everybye=\toks27
\pgfutil@tempdima=\dimen176
\pgfutil@tempdimb=\dimen177
)
(C:\Users\aned.esquerra\AppData\Local\Programs\MiKTeX\tex/generic/pgf/utilities
\pgfutil-latex.def
\pgfutil@abb=\box57
)
(C:\Users\aned.esquerra\AppData\Local\Programs\MiKTeX\tex/generic/pgf/utilities
\pgfrcs.code.tex
(C:\Users\aned.esquerra\AppData\Local\Programs\MiKTeX\tex/generic/pgf\pgf.revis
ion.tex)
Package: pgfrcs 2025-08-29 v3.1.11a (3.1.11a)
))
Package: pgf 2025-08-29 v3.1.11a (3.1.11a)

(C:\Users\aned.esquerra\AppData\Local\Programs\MiKTeX\tex/latex/pgf/basiclayer\
pgfcore.sty
(C:\Users\aned.esquerra\AppData\Local\Programs\MiKTeX\tex/latex/graphics\graphi
cx.sty
Package: graphicx 2026-05-17 v1.2e Enhanced LaTeX Graphics (DPC,SPQR)

(C:\Users\aned.esquerra\AppData\Local\Programs\MiKTeX\tex/latex/graphics\graphi
cs.sty
Package: graphics 2026-05-17 v1.4h Standard LaTeX Graphics (DPC,SPQR)

(C:\Users\aned.esquerra\AppData\Local\Programs\MiKTeX\tex/latex/graphics\trig.s
ty
Package: trig 2023/12/02 v1.11 sin cos tan (DPC)
)
(C:\Users\aned.esquerra\AppData\Local\Programs\MiKTeX\tex/latex/graphics-cfg\gr
aphics.cfg
File: graphics.cfg 2016/06/04 v1.11 sample graphics configuration
)
Package graphics Info: Driver file: pdftex.def on input line 106.
)
\Gin@req@height=\dimen178
\Gin@req@width=\dimen179
)
(C:\Users\aned.esquerra\AppData\Local\Programs\MiKTeX\tex/latex/pgf/systemlayer
\pgfsys.sty
(C:\Users\aned.esquerra\AppData\Local\Programs\MiKTeX\tex/generic/pgf/systemlay
er\pgfsys.code.tex
Package: pgfsys 2025-08-29 v3.1.11a (3.1.11a)

(C:\Users\aned.esquerra\AppData\Local\Programs\MiKTeX\tex/generic/pgf/utilities
\pgfkeys.code.tex
\pgfkeys@pathtoks=\toks28
\pgfkeys@temptoks=\toks29

(C:\Users\aned.esquerra\AppData\Local\Programs\MiKTeX\tex/generic/pgf/utilities
\pgfkeyslibraryfiltered.code.tex
\pgfkeys@tmptoks=\toks30
))
\pgf@x=\dimen180
\pgf@y=\dimen181
\pgf@xa=\dimen182
\pgf@ya=\dimen183
\pgf@xb=\dimen184
\pgf@yb=\dimen185
\pgf@xc=\dimen186
\pgf@yc=\dimen187
\pgf@xd=\dimen188
\pgf@yd=\dimen189
\w@pgf@writea=\write3
\r@pgf@reada=\read2
\c@pgf@counta=\count320
\c@pgf@countb=\count321
\c@pgf@countc=\count322
\c@pgf@countd=\count323
\t@pgf@toka=\toks31
\t@pgf@tokb=\toks32
\t@pgf@tokc=\toks33
\pgf@sys@id@count=\count324

(C:\Users\aned.esquerra\AppData\Local\Programs\MiKTeX\tex/generic/pgf/systemlay
er\pgf.cfg
File: pgf.cfg 2025-08-29 v3.1.11a (3.1.11a)
)
Driver file for pgf: pgfsys-pdftex.def

(C:\Users\aned.esquerra\AppData\Local\Programs\MiKTeX\tex/generic/pgf/systemlay
er\pgfsys-pdftex.def
File: pgfsys-pdftex.def 2025-08-29 v3.1.11a (3.1.11a)

(C:\Users\aned.esquerra\AppData\Local\Programs\MiKTeX\tex/generic/pgf/systemlay
er\pgfsys-common-pdf.def
File: pgfsys-common-pdf.def 2025-08-29 v3.1.11a (3.1.11a)
)))
(C:\Users\aned.esquerra\AppData\Local\Programs\MiKTeX\tex/generic/pgf/systemlay
er\pgfsyssoftpath.code.tex
File: pgfsyssoftpath.code.tex 2025-08-29 v3.1.11a (3.1.11a)
\pgfsyssoftpath@smallbuffer@items=\count325
\pgfsyssoftpath@bigbuffer@items=\count326
)
(C:\Users\aned.esquerra\AppData\Local\Programs\MiKTeX\tex/generic/pgf/systemlay
er\pgfsysprotocol.code.tex
File: pgfsysprotocol.code.tex 2025-08-29 v3.1.11a (3.1.11a)
))
(C:\Users\aned.esquerra\AppData\Local\Programs\MiKTeX\tex/generic/pgf/basiclaye
r\pgfcore.code.tex
Package: pgfcore 2025-08-29 v3.1.11a (3.1.11a)

(C:\Users\aned.esquerra\AppData\Local\Programs\MiKTeX\tex/generic/pgf/math\pgfm
ath.code.tex
(C:\Users\aned.esquerra\AppData\Local\Programs\MiKTeX\tex/generic/pgf/math\pgfm
athutil.code.tex)
(C:\Users\aned.esquerra\AppData\Local\Programs\MiKTeX\tex/generic/pgf/math\pgfm
athparser.code.tex
\pgfmath@dimen=\dimen190
\pgfmath@count=\count327
\pgfmath@box=\box58
\pgfmath@toks=\toks34
\pgfmath@stack@operand=\toks35
\pgfmath@stack@operation=\toks36
)
(C:\Users\aned.esquerra\AppData\Local\Programs\MiKTeX\tex/generic/pgf/math\pgfm
athfunctions.code.tex)
(C:\Users\aned.esquerra\AppData\Local\Programs\MiKTeX\tex/generic/pgf/math\pgfm
athfunctions.basic.code.tex)
(C:\Users\aned.esquerra\AppData\Local\Programs\MiKTeX\tex/generic/pgf/math\pgfm
athfunctions.trigonometric.code.tex)
(C:\Users\aned.esquerra\AppData\Local\Programs\MiKTeX\tex/generic/pgf/math\pgfm
athfunctions.random.code.tex)
(C:\Users\aned.esquerra\AppData\Local\Programs\MiKTeX\tex/generic/pgf/math\pgfm
athfunctions.comparison.code.tex)
(C:\Users\aned.esquerra\AppData\Local\Programs\MiKTeX\tex/generic/pgf/math\pgfm
athfunctions.base.code.tex)
(C:\Users\aned.esquerra\AppData\Local\Programs\MiKTeX\tex/generic/pgf/math\pgfm
athfunctions.round.code.tex)
(C:\Users\aned.esquerra\AppData\Local\Programs\MiKTeX\tex/generic/pgf/math\pgfm
athfunctions.misc.code.tex)
(C:\Users\aned.esquerra\AppData\Local\Programs\MiKTeX\tex/generic/pgf/math\pgfm
athfunctions.integerarithmetics.code.tex)
(C:\Users\aned.esquerra\AppData\Local\Programs\MiKTeX\tex/generic/pgf/math\pgfm
athcalc.code.tex)
(C:\Users\aned.esquerra\AppData\Local\Programs\MiKTeX\tex/generic/pgf/math\pgfm
athfloat.code.tex
\c@pgfmathroundto@lastzeros=\count328
))
(C:\Users\aned.esquerra\AppData\Local\Programs\MiKTeX\tex/generic/pgf/math\pgfi
nt.code.tex)
(C:\Users\aned.esquerra\AppData\Local\Programs\MiKTeX\tex/generic/pgf/basiclaye
r\pgfcorepoints.code.tex
File: pgfcorepoints.code.tex 2025-08-29 v3.1.11a (3.1.11a)
\pgf@picminx=\dimen191
\pgf@picmaxx=\dimen192
\pgf@picminy=\dimen193
\pgf@picmaxy=\dimen194
\pgf@pathminx=\dimen195
\pgf@pathmaxx=\dimen196
\pgf@pathminy=\dimen197
\pgf@pathmaxy=\dimen198
\pgf@xx=\dimen199
\pgf@xy=\dimen256
\pgf@yx=\dimen257
\pgf@yy=\dimen258
\pgf@zx=\dimen259
\pgf@zy=\dimen260
)
(C:\Users\aned.esquerra\AppData\Local\Programs\MiKTeX\tex/generic/pgf/basiclaye
r\pgfcorepathconstruct.code.tex
File: pgfcorepathconstruct.code.tex 2025-08-29 v3.1.11a (3.1.11a)
\pgf@path@lastx=\dimen261
\pgf@path@lasty=\dimen262
)
(C:\Users\aned.esquerra\AppData\Local\Programs\MiKTeX\tex/generic/pgf/basiclaye
r\pgfcorepathusage.code.tex
File: pgfcorepathusage.code.tex 2025-08-29 v3.1.11a (3.1.11a)
\pgf@shorten@end@additional=\dimen263
\pgf@shorten@start@additional=\dimen264
)
(C:\Users\aned.esquerra\AppData\Local\Programs\MiKTeX\tex/generic/pgf/basiclaye
r\pgfcorescopes.code.tex
File: pgfcorescopes.code.tex 2025-08-29 v3.1.11a (3.1.11a)
\pgfpic=\box59
\pgf@hbox=\box60
\pgf@layerbox@main=\box61
\pgf@picture@serial@count=\count329
)
(C:\Users\aned.esquerra\AppData\Local\Programs\MiKTeX\tex/generic/pgf/basiclaye
r\pgfcoregraphicstate.code.tex
File: pgfcoregraphicstate.code.tex 2025-08-29 v3.1.11a (3.1.11a)
\pgflinewidth=\dimen265
)
(C:\Users\aned.esquerra\AppData\Local\Programs\MiKTeX\tex/generic/pgf/basiclaye
r\pgfcoretransformations.code.tex
File: pgfcoretransformations.code.tex 2025-08-29 v3.1.11a (3.1.11a)
\pgf@pt@x=\dimen266
\pgf@pt@y=\dimen267
\pgf@pt@temp=\dimen268
)
(C:\Users\aned.esquerra\AppData\Local\Programs\MiKTeX\tex/generic/pgf/basiclaye
r\pgfcorequick.code.tex
File: pgfcorequick.code.tex 2025-08-29 v3.1.11a (3.1.11a)
)
(C:\Users\aned.esquerra\AppData\Local\Programs\MiKTeX\tex/generic/pgf/basiclaye
r\pgfcoreobjects.code.tex
File: pgfcoreobjects.code.tex 2025-08-29 v3.1.11a (3.1.11a)
)
(C:\Users\aned.esquerra\AppData\Local\Programs\MiKTeX\tex/generic/pgf/basiclaye
r\pgfcorepathprocessing.code.tex
File: pgfcorepathprocessing.code.tex 2025-08-29 v3.1.11a (3.1.11a)
)
(C:\Users\aned.esquerra\AppData\Local\Programs\MiKTeX\tex/generic/pgf/basiclaye
r\pgfcorearrows.code.tex
File: pgfcorearrows.code.tex 2025-08-29 v3.1.11a (3.1.11a)
\pgfarrowsep=\dimen269
)
(C:\Users\aned.esquerra\AppData\Local\Programs\MiKTeX\tex/generic/pgf/basiclaye
r\pgfcoreshade.code.tex
File: pgfcoreshade.code.tex 2025-08-29 v3.1.11a (3.1.11a)
\pgf@max=\dimen270
\pgf@sys@shading@range@num=\count330
\pgf@shadingcount=\count331
)
(C:\Users\aned.esquerra\AppData\Local\Programs\MiKTeX\tex/generic/pgf/basiclaye
r\pgfcoreimage.code.tex
File: pgfcoreimage.code.tex 2025-08-29 v3.1.11a (3.1.11a)
)
(C:\Users\aned.esquerra\AppData\Local\Programs\MiKTeX\tex/generic/pgf/basiclaye
r\pgfcoreexternal.code.tex
File: pgfcoreexternal.code.tex 2025-08-29 v3.1.11a (3.1.11a)
\pgfexternal@startupbox=\box62
)
(C:\Users\aned.esquerra\AppData\Local\Programs\MiKTeX\tex/generic/pgf/basiclaye
r\pgfcorelayers.code.tex
File: pgfcorelayers.code.tex 2025-08-29 v3.1.11a (3.1.11a)
)
(C:\Users\aned.esquerra\AppData\Local\Programs\MiKTeX\tex/generic/pgf/basiclaye
r\pgfcoretransparency.code.tex
File: pgfcoretransparency.code.tex 2025-08-29 v3.1.11a (3.1.11a)
)
(C:\Users\aned.esquerra\AppData\Local\Programs\MiKTeX\tex/generic/pgf/basiclaye
r\pgfcorepatterns.code.tex
File: pgfcorepatterns.code.tex 2025-08-29 v3.1.11a (3.1.11a)
)
(C:\Users\aned.esquerra\AppData\Local\Programs\MiKTeX\tex/generic/pgf/basiclaye
r\pgfcorerdf.code.tex
File: pgfcorerdf.code.tex 2025-08-29 v3.1.11a (3.1.11a)
)))
(C:\Users\aned.esquerra\AppData\Local\Programs\MiKTeX\tex/generic/pgf/modules\p
gfmoduleshapes.code.tex
File: pgfmoduleshapes.code.tex 2025-08-29 v3.1.11a (3.1.11a)
\pgfnodeparttextbox=\box63
)
(C:\Users\aned.esquerra\AppData\Local\Programs\MiKTeX\tex/generic/pgf/modules\p
gfmoduleplot.code.tex
File: pgfmoduleplot.code.tex 2025-08-29 v3.1.11a (3.1.11a)
)
(C:\Users\aned.esquerra\AppData\Local\Programs\MiKTeX\tex/latex/pgf/compatibili
ty\pgfcomp-version-0-65.sty
Package: pgfcomp-version-0-65 2025-08-29 v3.1.11a (3.1.11a)
\pgf@nodesepstart=\dimen271
\pgf@nodesepend=\dimen272
)
(C:\Users\aned.esquerra\AppData\Local\Programs\MiKTeX\tex/latex/pgf/compatibili
ty\pgfcomp-version-1-18.sty
Package: pgfcomp-version-1-18 2025-08-29 v3.1.11a (3.1.11a)
))
(C:\Users\aned.esquerra\AppData\Local\Programs\MiKTeX\tex/latex/pgf/utilities\p
gffor.sty
(C:\Users\aned.esquerra\AppData\Local\Programs\MiKTeX\tex/latex/pgf/utilities\p
gfkeys.sty
(C:\Users\aned.esquerra\AppData\Local\Programs\MiKTeX\tex/generic/pgf/utilities
\pgfkeys.code.tex))
(C:\Users\aned.esquerra\AppData\Local\Programs\MiKTeX\tex/latex/pgf/math\pgfmat
h.sty
(C:\Users\aned.esquerra\AppData\Local\Programs\MiKTeX\tex/generic/pgf/math\pgfm
ath.code.tex))
(C:\Users\aned.esquerra\AppData\Local\Programs\MiKTeX\tex/generic/pgf/utilities
\pgffor.code.tex
Package: pgffor 2025-08-29 v3.1.11a (3.1.11a)
\pgffor@iter=\dimen273
\pgffor@skip=\dimen274
\pgffor@stack=\toks37
\pgffor@toks=\toks38
))
(C:\Users\aned.esquerra\AppData\Local\Programs\MiKTeX\tex/generic/pgf/frontendl
ayer/tikz\tikz.code.tex
Package: tikz 2025-08-29 v3.1.11a (3.1.11a)

(C:\Users\aned.esquerra\AppData\Local\Programs\MiKTeX\tex/generic/pgf/libraries
\pgflibraryplothandlers.code.tex
File: pgflibraryplothandlers.code.tex 2025-08-29 v3.1.11a (3.1.11a)
\pgf@plot@mark@count=\count332
\pgfplotmarksize=\dimen275
)
\tikz@lastx=\dimen276
\tikz@lasty=\dimen277
\tikz@lastxsaved=\dimen278
\tikz@lastysaved=\dimen279
\tikz@lastmovetox=\dimen280
\tikz@lastmovetoy=\dimen281
\tikzleveldistance=\dimen282
\tikzsiblingdistance=\dimen283
\tikz@figbox=\box64
\tikz@figbox@bg=\box65
\tikz@tempbox=\box66
\tikz@tempbox@bg=\box67
\tikztreelevel=\count333
\tikznumberofchildren=\count334
\tikznumberofcurrentchild=\count335
\tikz@fig@count=\count336

(C:\Users\aned.esquerra\AppData\Local\Programs\MiKTeX\tex/generic/pgf/modules\p
gfmodulematrix.code.tex
File: pgfmodulematrix.code.tex 2025-08-29 v3.1.11a (3.1.11a)
\pgfmatrixcurrentrow=\count337
\pgfmatrixcurrentcolumn=\count338
\pgf@matrix@numberofcolumns=\count339
)
\tikz@expandcount=\count340

(C:\Users\aned.esquerra\AppData\Local\Programs\MiKTeX\tex/generic/pgf/frontendl
ayer/tikz/libraries\tikzlibrarytopaths.code.tex
File: tikzlibrarytopaths.code.tex 2025-08-29 v3.1.11a (3.1.11a)
)))
(C:\Users\aned.esquerra\AppData\Local\Programs\MiKTeX\tex/latex/tools\verbatim.
sty
Package: verbatim 2024-01-22 v1.5x LaTeX2e package for verbatim enhancements
\every@verbatim=\toks39
\verbatim@line=\toks40
\verbatim@in@stream=\read3
)
(C:\Users\aned.esquerra\AppData\Local\Programs\MiKTeX\tex/latex/environ\environ
.sty
Package: environ 2014/05/04 v0.3 A new way to define environments

(C:\Users\aned.esquerra\AppData\Local\Programs\MiKTeX\tex/latex/trimspaces\trim
spaces.sty
Package: trimspaces 2009/09/17 v1.1 Trim spaces around a token list
))
\tcb@titlebox=\box68
\tcb@upperbox=\box69
\tcb@lowerbox=\box70
\tcb@phantombox=\box71
\c@tcbbreakpart=\count341
\c@tcblayer=\count342
\c@tcolorbox@number=\count343
\l__tcobox_tmpa_box=\box72
\l__tcobox_tmpa_dim=\dimen284
\tcb@temp=\box73
\tcb@temp=\box74
\tcb@temp=\box75
\tcb@temp=\box76

(C:\Users\aned.esquerra\AppData\Local\Programs\MiKTeX\tex/latex/tcolorbox\tcbra
ster.code.tex
Library (tcolorbox): 'tcbraster.code.tex' version '6.10.0'
\c@tcbrastercolumn=\count344
\c@tcbrasterrow=\count345
\c@tcbrasternum=\count346
\c@tcbraster=\count347
)
(C:\Users\aned.esquerra\AppData\Local\Programs\MiKTeX\tex/latex/tcolorbox\tcbsk
ins.code.tex
Library (tcolorbox): 'tcbskins.code.tex' version '6.10.0'

(C:\Users\aned.esquerra\AppData\Local\Programs\MiKTeX\tex/latex/tikzfill\tikzfi
ll.image.sty
Package: tikzfill.image 2026/04/23 v1.2.0 Image filling library for TikZ

(C:\Users\aned.esquerra\AppData\Local\Programs\MiKTeX\tex/latex/tikzfill\tikzli
braryfill.image.code.tex
File: tikzlibraryfill.image.code.tex 2026/04/23 v1.2.0 Image filling library
\l__tikzfill_tmpa_dim=\dimen285
\l__tikzfill_tmpb_dim=\dimen286
\l__tikzfill_img_box=\box77
))
(C:\Users\aned.esquerra\AppData\Local\Programs\MiKTeX\tex/latex/tcolorbox\tcbsk
insjigsaw.code.tex
Library (tcolorbox): 'tcbskinsjigsaw.code.tex' version '6.10.0'
))
(C:\Users\aned.esquerra\AppData\Local\Programs\MiKTeX\tex/latex/tcolorbox\tcbbr
eakable.code.tex
Library (tcolorbox): 'tcbbreakable.code.tex' version '6.10.0'

(C:\Users\aned.esquerra\AppData\Local\Programs\MiKTeX\tex/latex/pdfcol\pdfcol.s
ty
Package: pdfcol 2022-09-21 v1.7 Handle new color stacks for pdfTeX (HO)
)
Package pdfcol Info: New color stack `tcb@breakable' = 1 on input line 23.
\tcb@testbox=\box78
\tcb@totalupperbox=\box79
\tcb@totallowerbox=\box80
)
(C:\Users\aned.esquerra\AppData\Local\Programs\MiKTeX\tex/latex/tcolorbox\tcbho
oks.code.tex
Library (tcolorbox): 'tcbhooks.code.tex' version '6.10.0'
)
(C:\Users\aned.esquerra\AppData\Local\Programs\MiKTeX\tex/latex/tcolorbox\tcbth
eorems.code.tex
Library (tcolorbox): 'tcbtheorems.code.tex' version '6.10.0'
)
(C:\Users\aned.esquerra\AppData\Local\Programs\MiKTeX\tex/latex/tcolorbox\tcbfi
tting.code.tex
Library (tcolorbox): 'tcbfitting.code.tex' version '6.10.0'
\tcbfitdim=\dimen287
\tcb@lowerfitdim=\dimen288
\tcb@upperfitdim=\dimen289
\tcb@cur@hbadness=\count348
)
(C:\Users\aned.esquerra\AppData\Local\Programs\MiKTeX\tex/latex/tcolorbox\tcbli
stingsutf8.code.tex
Library (tcolorbox): 'tcblistingsutf8.code.tex' version '6.10.0'

(C:\Users\aned.esquerra\AppData\Local\Programs\MiKTeX\tex/latex/tcolorbox\tcbli
stings.code.tex
Library (tcolorbox): 'tcblistings.code.tex' version '6.10.0'

(C:\Users\aned.esquerra\AppData\Local\Programs\MiKTeX\tex/latex/tcolorbox\tcbli
stingscore.code.tex
Library (tcolorbox): 'tcblistingscore.code.tex' version '6.10.0'

(C:\Users\aned.esquerra\AppData\Local\Programs\MiKTeX\tex/latex/tcolorbox\tcbpr
ocessing.code.tex
Library (tcolorbox): 'tcbprocessing.code.tex' version '6.10.0'
)
\c@tcblisting=\count349
))
(C:\Users\aned.esquerra\AppData\Local\Programs\MiKTeX\tex/latex/listingsutf8\li
stingsutf8.sty
Package: listingsutf8 2019-12-10 v1.5 Allow UTF-8 in listings input (HO)
))
(C:\Users\aned.esquerra\AppData\Local\Programs\MiKTeX\tex/latex/tcolorbox\tcbex
ternal.code.tex
Library (tcolorbox): 'tcbexternal.code.tex' version '6.10.0'
)
(C:\Users\aned.esquerra\AppData\Local\Programs\MiKTeX\tex/latex/tcolorbox\tcbma
gazine.code.tex
Library (tcolorbox): 'tcbmagazine.code.tex' version '6.10.0'
)
(C:\Users\aned.esquerra\AppData\Local\Programs\MiKTeX\tex/latex/tcolorbox\tcbvi
gnette.code.tex
Library (tcolorbox): 'tcbvignette.code.tex' version '6.10.0'

(C:\Users\aned.esquerra\AppData\Local\Programs\MiKTeX\tex/generic/pgf/frontendl
ayer/tikz/libraries\tikzlibraryfadings.code.tex
File: tikzlibraryfadings.code.tex 2025-08-29 v3.1.11a (3.1.11a)

(C:\Users\aned.esquerra\AppData\Local\Programs\MiKTeX\tex/generic/pgf/libraries
\pgflibraryfadings.code.tex
File: pgflibraryfadings.code.tex 2025-08-29 v3.1.11a (3.1.11a)
)))
(C:\Users\aned.esquerra\AppData\Local\Programs\MiKTeX\tex/latex/tcolorbox\tcbpo
ster.code.tex
Library (tcolorbox): 'tcbposter.code.tex' version '6.10.0'
))
(C:\Users\aned.esquerra\AppData\Local\Programs\MiKTeX\tex/latex/titlesec\titles
ec.sty
Package: titlesec 2025/01/04 v2.17 Sectioning titles
\ttl@box=\box81
\beforetitleunit=\skip55
\aftertitleunit=\skip56
\ttl@plus=\dimen290
\ttl@minus=\dimen291
\ttl@toksa=\toks41
\titlewidth=\dimen292
\titlewidthlast=\dimen293
\titlewidthfirst=\dimen294
)
(C:\Users\aned.esquerra\AppData\Local\Programs\MiKTeX\tex/latex/parskip\parskip
.sty
Package: parskip 2021-03-14 v2.0h non-zero parskip adjustments
)
(C:\Users\aned.esquerra\AppData\Local\Programs\MiKTeX\tex/latex/booktabs\bookta
bs.sty
Package: booktabs 2020/01/12 v1.61803398 Publication quality tables
\heavyrulewidth=\dimen295
\lightrulewidth=\dimen296
\cmidrulewidth=\dimen297
\belowrulesep=\dimen298
\belowbottomsep=\dimen299
\aboverulesep=\dimen300
\abovetopsep=\dimen301
\cmidrulesep=\dimen302
\cmidrulekern=\dimen303
\defaultaddspace=\dimen304
\@cmidla=\count350
\@cmidlb=\count351
\@aboverulesep=\dimen305
\@belowrulesep=\dimen306
\@thisruleclass=\count352
\@lastruleclass=\count353
\@thisrulewidth=\dimen307
)
(C:\Users\aned.esquerra\AppData\Local\Programs\MiKTeX\tex/latex/float\float.sty
Package: float 2001/11/08 v1.3d Float enhancements (AL)
\c@float@type=\count354
\float@exts=\toks42
\float@box=\box82
\@float@everytoks=\toks43
\@floatcapt=\box83
)
(C:\Users\aned.esquerra\AppData\Local\Programs\MiKTeX\tex/latex/base\makeidx.st
y
Package: makeidx 2021/10/04 v1.0m Standard LaTeX package
)
\@indexfile=\write4
\openout4 = `main.idx'.


Writing index file main.idx

(C:\Users\aned.esquerra\AppData\Local\Programs\MiKTeX\tex/generic/pgf/frontendl
ayer/tikz/libraries\tikzlibrarypositioning.code.tex
File: tikzlibrarypositioning.code.tex 2025-08-29 v3.1.11a (3.1.11a)
)
(C:\Users\aned.esquerra\AppData\Local\Programs\MiKTeX\tex/generic/pgf/libraries
\pgflibraryarrows.meta.code.tex
File: pgflibraryarrows.meta.code.tex 2025-08-29 v3.1.11a (3.1.11a)
\pgfarrowinset=\dimen308
\pgfarrowlength=\dimen309
\pgfarrowwidth=\dimen310
\pgfarrowlinewidth=\dimen311
)
(C:\Users\aned.esquerra\AppData\Local\Programs\MiKTeX\tex/generic/pgf/frontendl
ayer/tikz/libraries\tikzlibraryshapes.geometric.code.tex
File: tikzlibraryshapes.geometric.code.tex 2025-08-29 v3.1.11a (3.1.11a)

(C:\Users\aned.esquerra\AppData\Local\Programs\MiKTeX\tex/generic/pgf/libraries
/shapes\pgflibraryshapes.geometric.code.tex
File: pgflibraryshapes.geometric.code.tex 2025-08-29 v3.1.11a (3.1.11a)
))
(C:\Users\aned.esquerra\AppData\Local\Programs\MiKTeX\tex/generic/pgf/frontendl
ayer/tikz/libraries\tikzlibrarycalc.code.tex
File: tikzlibrarycalc.code.tex 2025-08-29 v3.1.11a (3.1.11a)
)
(C:\Users\aned.esquerra\AppData\Local\Programs\MiKTeX\tex/generic/pgf/frontendl
ayer/tikz/libraries\tikzlibraryfit.code.tex
File: tikzlibraryfit.code.tex 2025-08-29 v3.1.11a (3.1.11a)
)
(C:\Users\aned.esquerra\AppData\Local\Programs\MiKTeX\tex/generic/pgf/frontendl
ayer/tikz/libraries\tikzlibrarybackgrounds.code.tex
File: tikzlibrarybackgrounds.code.tex 2025-08-29 v3.1.11a (3.1.11a)
\pgf@layerbox@background=\box84
\pgf@layerboxsaved@background=\box85
)
(C:\Users\aned.esquerra\AppData\Local\Programs\MiKTeX\tex/latex/pgfplots\pgfplo
ts.sty
(C:\Users\aned.esquerra\AppData\Local\Programs\MiKTeX\tex/generic/pgfplots\pgfp
lots.revision.tex)
Package: pgfplots 2021/05/15 v1.18.1 Data Visualization (1.18.1)

(C:\Users\aned.esquerra\AppData\Local\Programs\MiKTeX\tex/generic/pgfplots\pgfp
lots.code.tex
(C:\Users\aned.esquerra\AppData\Local\Programs\MiKTeX\tex/generic/pgfplots\pgfp
lotscore.code.tex
\t@pgfplots@toka=\toks44
\t@pgfplots@tokb=\toks45
\t@pgfplots@tokc=\toks46
\pgfplots@tmpa=\dimen312
\c@pgfplots@coordindex=\count355
\c@pgfplots@scanlineindex=\count356

(C:\Users\aned.esquerra\AppData\Local\Programs\MiKTeX\tex/generic/pgfplots/sys\
pgfplotssysgeneric.code.tex))
(C:\Users\aned.esquerra\AppData\Local\Programs\MiKTeX\tex/generic/pgfplots/libs
\pgfplotslibrary.code.tex)
(C:\Users\aned.esquerra\AppData\Local\Programs\MiKTeX\tex/generic/pgfplots/oldp
gfcompatib\pgfplotsoldpgfsupp_loader.code.tex
(C:\Users\aned.esquerra\AppData\Local\Programs\MiKTeX\tex/generic/pgf/libraries
\pgflibraryfpu.code.tex)
Package pgfplots: loading complementary utilities for your pgf version...
\t@pgf@toka=\toks47
\t@pgf@tokb=\toks48
\t@pgf@tokc=\toks49

(C:\Users\aned.esquerra\AppData\Local\Programs\MiKTeX\tex/generic/pgfplots/oldp
gfcompatib\pgfplotsoldpgfsupp_pgfutil-common-lists.tex))
(C:\Users\aned.esquerra\AppData\Local\Programs\MiKTeX\tex/generic/pgfplots/util
\pgfplotsutil.code.tex
(C:\Users\aned.esquerra\AppData\Local\Programs\MiKTeX\tex/generic/pgfplots/list
structure\pgfplotsliststructure.code.tex)
(C:\Users\aned.esquerra\AppData\Local\Programs\MiKTeX\tex/generic/pgfplots/list
structure\pgfplotsliststructureext.code.tex)
(C:\Users\aned.esquerra\AppData\Local\Programs\MiKTeX\tex/generic/pgfplots/list
structure\pgfplotsarray.code.tex
\c@pgfplotsarray@tmp=\count357
)
(C:\Users\aned.esquerra\AppData\Local\Programs\MiKTeX\tex/generic/pgfplots/list
structure\pgfplotsmatrix.code.tex)
(C:\Users\aned.esquerra\AppData\Local\Programs\MiKTeX\tex/generic/pgfplots/numt
able\pgfplotstableshared.code.tex
\c@pgfplotstable@counta=\count358
\t@pgfplotstable@a=\toks50
)
(C:\Users\aned.esquerra\AppData\Local\Programs\MiKTeX\tex/generic/pgfplots/list
structure\pgfplotsdeque.code.tex)
(C:\Users\aned.esquerra\AppData\Local\Programs\MiKTeX\tex/generic/pgfplots/util
\pgfplotsbinary.code.tex
(C:\Users\aned.esquerra\AppData\Local\Programs\MiKTeX\tex/generic/pgfplots/util
\pgfplotsbinary.data.code.tex))
(C:\Users\aned.esquerra\AppData\Local\Programs\MiKTeX\tex/generic/pgfplots/util
\pgfplotsutil.verb.code.tex)
(C:\Users\aned.esquerra\AppData\Local\Programs\MiKTeX\tex/generic/pgfplots/libs
\pgflibrarypgfplots.surfshading.code.tex
\c@pgfplotslibrarysurf@no=\count359

(C:\Users\aned.esquerra\AppData\Local\Programs\MiKTeX\tex/generic/pgfplots/sys\
pgflibrarypgfplots.surfshading.pgfsys-pdftex.def)))
(C:\Users\aned.esquerra\AppData\Local\Programs\MiKTeX\tex/generic/pgfplots/util
\pgfplotscolormap.code.tex
(C:\Users\aned.esquerra\AppData\Local\Programs\MiKTeX\tex/generic/pgfplots/util
\pgfplotscolor.code.tex))
(C:\Users\aned.esquerra\AppData\Local\Programs\MiKTeX\tex/generic/pgfplots\pgfp
lotsstackedplots.code.tex)
(C:\Users\aned.esquerra\AppData\Local\Programs\MiKTeX\tex/generic/pgfplots\pgfp
lotsplothandlers.code.tex
(C:\Users\aned.esquerra\AppData\Local\Programs\MiKTeX\tex/generic/pgfplots\pgfp
lotsmeshplothandler.code.tex
(C:\Users\aned.esquerra\AppData\Local\Programs\MiKTeX\tex/generic/pgfplots\pgfp
lotsmeshplotimage.code.tex)))
(C:\Users\aned.esquerra\AppData\Local\Programs\MiKTeX\tex/generic/pgfplots\pgfp
lots.scaling.code.tex)
(C:\Users\aned.esquerra\AppData\Local\Programs\MiKTeX\tex/generic/pgfplots\pgfp
lotscoordprocessing.code.tex)
(C:\Users\aned.esquerra\AppData\Local\Programs\MiKTeX\tex/generic/pgfplots\pgfp
lots.errorbars.code.tex)
(C:\Users\aned.esquerra\AppData\Local\Programs\MiKTeX\tex/generic/pgfplots\pgfp
lots.markers.code.tex)
(C:\Users\aned.esquerra\AppData\Local\Programs\MiKTeX\tex/generic/pgfplots\pgfp
lotsticks.code.tex)
(C:\Users\aned.esquerra\AppData\Local\Programs\MiKTeX\tex/generic/pgfplots\pgfp
lots.paths.code.tex)
(C:\Users\aned.esquerra\AppData\Local\Programs\MiKTeX\tex/generic/pgf/frontendl
ayer/tikz/libraries\tikzlibrarydecorations.code.tex
(C:\Users\aned.esquerra\AppData\Local\Programs\MiKTeX\tex/generic/pgf/modules\p
gfmoduledecorations.code.tex
\pgfdecoratedcompleteddistance=\dimen313
\pgfdecoratedremainingdistance=\dimen314
\pgfdecoratedinputsegmentcompleteddistance=\dimen315
\pgfdecoratedinputsegmentremainingdistance=\dimen316
\pgf@decorate@distancetomove=\dimen317
\pgf@decorate@repeatstate=\count360
\pgfdecorationsegmentamplitude=\dimen318
\pgfdecorationsegmentlength=\dimen319
)
\tikz@lib@dec@box=\box86
)
(C:\Users\aned.esquerra\AppData\Local\Programs\MiKTeX\tex/generic/pgf/frontendl
ayer/tikz/libraries\tikzlibrarydecorations.pathmorphing.code.tex
(C:\Users\aned.esquerra\AppData\Local\Programs\MiKTeX\tex/generic/pgf/libraries
/decorations\pgflibrarydecorations.pathmorphing.code.tex))
(C:\Users\aned.esquerra\AppData\Local\Programs\MiKTeX\tex/generic/pgf/frontendl
ayer/tikz/libraries\tikzlibrarydecorations.pathreplacing.code.tex
(C:\Users\aned.esquerra\AppData\Local\Programs\MiKTeX\tex/generic/pgf/libraries
/decorations\pgflibrarydecorations.pathreplacing.code.tex))
(C:\Users\aned.esquerra\AppData\Local\Programs\MiKTeX\tex/generic/pgfplots/libs
\tikzlibrarypgfplots.contourlua.code.tex)
\pgfplots@numplots=\count361
\pgfplots@xmin@reg=\dimen320
\pgfplots@xmax@reg=\dimen321
\pgfplots@ymin@reg=\dimen322
\pgfplots@ymax@reg=\dimen323
\pgfplots@zmin@reg=\dimen324
\pgfplots@zmax@reg=\dimen325
)
(C:\Users\aned.esquerra\AppData\Local\Programs\MiKTeX\tex/generic/pgf/frontendl
ayer/tikz/libraries\tikzlibraryplotmarks.code.tex
File: tikzlibraryplotmarks.code.tex 2025-08-29 v3.1.11a (3.1.11a)

(C:\Users\aned.esquerra\AppData\Local\Programs\MiKTeX\tex/generic/pgf/libraries
\pgflibraryplotmarks.code.tex
File: pgflibraryplotmarks.code.tex 2025-08-29 v3.1.11a (3.1.11a)
)))
Package hyperref Info: Option `colorlinks' set `true' on input line 75.
Package hyperref Info: Option `bookmarksnumbered' set `true' on input line 75.
Package hyperref Info: Option `bookmarksopen' set `true' on input line 75.

(C:\Users\aned.esquerra\AppData\Local\Programs\MiKTeX\tex/latex/listings\lstlan
g1.sty
File: lstlang1.sty 2025/11/14 1.11b listings language file
)
(C:\Users\aned.esquerra\AppData\Local\Programs\MiKTeX\tex/latex/cleveref\clever
ef.sty
Package: cleveref 2018/03/27 v0.21.4 Intelligent cross-referencing
Package cleveref Info: `hyperref' support loaded on input line 2370.
LaTeX Info: Redefining \cref on input line 2370.
LaTeX Info: Redefining \Cref on input line 2370.
LaTeX Info: Redefining \crefrange on input line 2370.
LaTeX Info: Redefining \Crefrange on input line 2370.
LaTeX Info: Redefining \cpageref on input line 2370.
LaTeX Info: Redefining \Cpageref on input line 2370.
LaTeX Info: Redefining \cpagerefrange on input line 2370.
LaTeX Info: Redefining \Cpagerefrange on input line 2370.
LaTeX Info: Redefining \labelcref on input line 2370.
LaTeX Info: Redefining \labelcpageref on input line 2370.
Package cleveref Info: `listings' support loaded on input line 3131.
)
==> First Aid for cleveref.sty applied!
)
LaTeX Font Info:    Trying to load font information for T1+lmr on input line 18
.
 (C:\Users\aned.esquerra\AppData\Local\Programs\MiKTeX\tex/latex/lm\t1lmr.fd
File: t1lmr.fd 2015/05/01 v1.6.1 Font defs for Latin Modern
)
(C:\Users\aned.esquerra\AppData\Local\Programs\MiKTeX\tex/latex/l3backend\l3bac
kend-pdftex.def
File: l3backend-pdftex.def 2026-02-18 L3 backend support: PDF output (pdfTeX)
\l__color_backend_stack_int=\count362
) (main.aux (chapters/chapter0-getting-started.aux)
(chapters/chapter1-architecture-storage.aux)
(chapters/chapter2-virtual-warehouses.aux)
(chapters/chapter3-tables-views-search-optimization.aux)
(chapters/chapter4-cloning-time-travel-failsafe.aux)
(chapters/appendix-cross-cloud-equivalence.aux))
\openout1 = `main.aux'.

LaTeX Font Info:    Checking defaults for OML/cmm/m/it on input line 18.
LaTeX Font Info:    ... okay on input line 18.
LaTeX Font Info:    Checking defaults for OMS/cmsy/m/n on input line 18.
LaTeX Font Info:    ... okay on input line 18.
LaTeX Font Info:    Checking defaults for OT1/cmr/m/n on input line 18.
LaTeX Font Info:    ... okay on input line 18.
LaTeX Font Info:    Checking defaults for T1/cmr/m/n on input line 18.
LaTeX Font Info:    ... okay on input line 18.
LaTeX Font Info:    Checking defaults for TS1/cmr/m/n on input line 18.
LaTeX Font Info:    ... okay on input line 18.
LaTeX Font Info:    Checking defaults for OMX/cmex/m/n on input line 18.
LaTeX Font Info:    ... okay on input line 18.
LaTeX Font Info:    Checking defaults for U/cmr/m/n on input line 18.
LaTeX Font Info:    ... okay on input line 18.
LaTeX Font Info:    Checking defaults for PD1/pdf/m/n on input line 18.
LaTeX Font Info:    ... okay on input line 18.
LaTeX Font Info:    Checking defaults for PU/pdf/m/n on input line 18.
LaTeX Font Info:    ... okay on input line 18.

*geometry* driver: auto-detecting
*geometry* detected driver: pdftex
*geometry* verbose mode - [ preamble ] result:
* driver: pdftex
* paper: a4paper
* layout: <same size as paper>
* layoutoffset:(h,v)=(0.0pt,0.0pt)
* modes: 
* h-part:(L,W,R)=(72.26999pt, 452.9679pt, 72.26999pt)
* v-part:(T,H,B)=(72.26999pt, 700.50687pt, 72.26999pt)
* \paperwidth=597.50787pt
* \paperheight=845.04684pt
* \textwidth=452.9679pt
* \textheight=700.50687pt
* \oddsidemargin=0.0pt
* \evensidemargin=0.0pt
* \topmargin=-31.8738pt
* \headheight=12.0pt
* \headsep=19.8738pt
* \topskip=11.0pt
* \footskip=27.46295pt
* \marginparwidth=53.0pt
* \marginparsep=7.0pt
* \columnsep=10.0pt
* \skip\footins=10.0pt plus 4.0pt minus 2.0pt
* \hoffset=0.0pt
* \voffset=0.0pt
* \mag=1000
* \@twocolumnfalse
* \@twosidefalse
* \@mparswitchfalse
* \@reversemarginfalse
* (1in=72.27pt=25.4mm, 1cm=28.453pt)


(C:\Users\aned.esquerra\AppData\Local\Programs\MiKTeX\tex/context/base/mkii\sup
p-pdf.mkii
[Loading MPS to PDF converter (version 2006.09.02).]
\scratchcounter=\count363
\scratchdimen=\dimen326
\scratchbox=\box87
\nofMPsegments=\count364
\nofMParguments=\count365
\everyMPshowfont=\toks51
\MPscratchCnt=\count366
\MPscratchDim=\dimen327
\MPnumerator=\count367
\makeMPintoPDFobject=\count368
\everyMPtoPDFconversion=\toks52
)
(C:\Users\aned.esquerra\AppData\Local\Programs\MiKTeX\tex/latex/epstopdf-pkg\ep
stopdf-base.sty
Package: epstopdf-base 2020-01-24 v2.11 Base part for package epstopdf
Package epstopdf-base Info: Redefining graphics rule for `.eps' on input line 4
85.

(C:\Users\aned.esquerra\AppData\Local\Programs\MiKTeX\tex/latex/00miktex\epstop
df-sys.cfg
File: epstopdf-sys.cfg 2021/03/18 v2.0 Configuration of epstopdf for MiKTeX
))
\c@lstlisting=\count369
Package hyperref Info: Link coloring ON on input line 18.
 (main.out) (main.out)
\@outlinefile=\write5
\openout5 = `main.out'.


Package pgfplots notification 'compat/show suggested version=true': document ha
s been generated with the most recent feature set (\pgfplotsset{compat=1.18}).

(frontmatter/cover.tex [1



{C:/Users/aned.esquerra/AppData/Local/MiKTeX/fonts/map/pdftex/pdftex.map}{C:/Us
ers/aned.esquerra/AppData/Local/Programs/MiKTeX/fonts/enc/dvips/lm/lm-ec.enc}] 
[2]) (frontmatter/preface.tex
LaTeX Font Info:    Trying to load font information for TS1+lmr on input line 1
3.

(C:\Users\aned.esquerra\AppData\Local\Programs\MiKTeX\tex/latex/lm\ts1lmr.fd
File: ts1lmr.fd 2015/05/01 v1.6.1 Font defs for Latin Modern
)
pdfTeX warning (ext4): destination with the same identifier (name{page.i}) has 
been already used, duplicate ignored
<to be read again> 
                   \relax 
l.18     \item \textbf
                      {Part VI: DataOps, Optimization, and Exam Prep} closes...
[1

{C:/Users/aned.esquerra/AppData/Local/Programs/MiKTeX/fonts/enc/dvips/lm/lm-ts1
.enc}]
LaTeX Font Info:    Trying to load font information for T1+lmtt on input line 3
2.

(C:\Users\aned.esquerra\AppData\Local\Programs\MiKTeX\tex/latex/lm\t1lmtt.fd
File: t1lmtt.fd 2015/05/01 v1.6.1 Font defs for Latin Modern
))
pdfTeX warning (ext4): destination with the same identifier (name{page.ii}) has
 been already used, duplicate ignored
<to be read again> 
                   \relax 
l.24 \tableofcontents
                      [2] (main.toc
LaTeX Font Info:    Trying to load font information for OT1+lmr on input line 2
.

(C:\Users\aned.esquerra\AppData\Local\Programs\MiKTeX\tex/latex/lm\ot1lmr.fd
File: ot1lmr.fd 2015/05/01 v1.6.1 Font defs for Latin Modern
)
LaTeX Font Info:    Trying to load font information for OML+lmm on input line 2
.

(C:\Users\aned.esquerra\AppData\Local\Programs\MiKTeX\tex/latex/lm\omllmm.fd
File: omllmm.fd 2015/05/01 v1.6.1 Font defs for Latin Modern
)
LaTeX Font Info:    Trying to load font information for OMS+lmsy on input line 
2.

(C:\Users\aned.esquerra\AppData\Local\Programs\MiKTeX\tex/latex/lm\omslmsy.fd
File: omslmsy.fd 2015/05/01 v1.6.1 Font defs for Latin Modern
)
LaTeX Font Info:    Trying to load font information for OMX+lmex on input line 
2.

(C:\Users\aned.esquerra\AppData\Local\Programs\MiKTeX\tex/latex/lm\omxlmex.fd
File: omxlmex.fd 2015/05/01 v1.6.1 Font defs for Latin Modern
)
LaTeX Font Info:    External font `lmex10' loaded for size
(Font)              <10.95> on input line 2.
LaTeX Font Info:    External font `lmex10' loaded for size
(Font)              <8> on input line 2.
LaTeX Font Info:    External font `lmex10' loaded for size
(Font)              <6> on input line 2.
LaTeX Font Info:    Trying to load font information for U+msa on input line 2.

(C:\Users\aned.esquerra\AppData\Local\Programs\MiKTeX\tex/latex/amsfonts\umsa.f
d
File: umsa.fd 2013/01/14 v3.01 AMS symbols A
)
LaTeX Font Info:    Trying to load font information for U+msb on input line 2.

(C:\Users\aned.esquerra\AppData\Local\Programs\MiKTeX\tex/latex/amsfonts\umsb.f
d
File: umsb.fd 2013/01/14 v3.01 AMS symbols B
) [3

] [4])
\tf@toc=\write6
\openout6 = `main.toc'.

 [5] (main.lof
Overfull \hbox (1.43575pt too wide) in paragraph at lines 19--19
 [][] [][][]\T1/lmr/m/n/10.95 Time Travel is the user-operable re-cov-ery win-d
ow; Fail-safe fol-lows as a Snowflake- 
 []

)
\tf@lof=\write7
\openout7 = `main.lof'.

 [6

] (main.lot)
\tf@lot=\write8
\openout8 = `main.lot'.

 [7

]
\openout2 = `chapters/chapter0-getting-started.aux'.

 (chapters/chapter0-getting-started.tex
Chapter 0.

Overfull \hbox (1.3677pt too wide) in paragraph at lines 1--1
|\T1/lmr/bx/n/24.88 Getting Started: Your Snowflake Free
 []

LaTeX Font Info:    External font `lmex10' loaded for size
(Font)              <9> on input line 28.
LaTeX Font Info:    External font `lmex10' loaded for size
(Font)              <5> on input line 28.

Underfull \hbox (badness 10000) in paragraph at lines 32--32
[]\T1/lmr/m/n/9 Free ac-count
 []


Underfull \hbox (badness 10000) in paragraph at lines 32--32
\T1/lmr/m/n/9 ($200/30 days +
 []


Underfull \hbox (badness 2591) in paragraph at lines 32--33
[]\T1/lmr/m/n/9 Free trial ($300/90
 []


Underfull \hbox (badness 1052) in paragraph at lines 35--36
[]\T1/lmr/m/n/9 Avoid Owner; least
 []


Underfull \hbox (badness 1960) in paragraph at lines 36--36
[]\T1/lmr/m/n/9 AWS CLI v2 (\T1/lmtt/m/n/9 aws
 []


Underfull \hbox (badness 10000) in paragraph at lines 36--36
[]\T1/lmr/m/n/9 Azure CLI (\T1/lmtt/m/n/9 az
 []


Underfull \hbox (badness 10000) in paragraph at lines 38--38
[]\T1/lmr/m/n/9 AWS Bud-gets +
 []


Underfull \hbox (badness 10000) in paragraph at lines 38--38
[]\T1/lmr/m/n/9 Cost Man-age-ment
 []


Underfull \hbox (badness 10000) in paragraph at lines 39--39
[]\T1/lmr/m/n/9 AWS Man-age-ment
 []


Underfull \hbox (badness 1400) in paragraph at lines 39--40
[]\T1/lmr/m/n/9 Google Cloud Con-
 []

[1



]
Overfull \hbox (31.15413pt too wide) has occurred while \output is active
\T1/lmr/m/sl/10.95 CHAPTER 0.  GETTING STARTED: YOUR SNOWFLAKE FREE TRIAL AND E
NVIRONMENT \T1/lmr/m/n/10.95 2
 []

[2]
Overfull \hbox (31.15413pt too wide) has occurred while \output is active
\T1/lmr/m/sl/10.95 CHAPTER 0.  GETTING STARTED: YOUR SNOWFLAKE FREE TRIAL AND E
NVIRONMENT \T1/lmr/m/n/10.95 3
 []

[3]
(C:\Users\aned.esquerra\AppData\Local\Programs\MiKTeX\tex/latex/listings\lstlan
g1.sty
File: lstlang1.sty 2025/11/14 1.11b listings language file
)
Package hyperref Info: bookmark level for unknown lstlisting defaults to 0 on i
nput line 117.

Overfull \hbox (31.15413pt too wide) has occurred while \output is active
\T1/lmr/m/sl/10.95 CHAPTER 0.  GETTING STARTED: YOUR SNOWFLAKE FREE TRIAL AND E
NVIRONMENT \T1/lmr/m/n/10.95 4
 []

[4]
Overfull \hbox (12.07095pt too wide) in paragraph at lines 139--140
[]\T1/lmtt/m/n/10.95 SYSADMIN\T1/lmr/m/n/10.95 : sys-tem ob-ject ad-min-is-tra-
tion, com-monly used for ware-houses, databases, schemas,
 []

LaTeX Font Info:    Font shape `T1/lmtt/bx/n' in size <10.95> not available
(Font)              Font shape `T1/lmtt/b/n' tried instead on input line 147.

Overfull \hbox (31.15413pt too wide) has occurred while \output is active
\T1/lmr/m/sl/10.95 CHAPTER 0.  GETTING STARTED: YOUR SNOWFLAKE FREE TRIAL AND E
NVIRONMENT \T1/lmr/m/n/10.95 5
 []

[5]
Overfull \hbox (31.15413pt too wide) has occurred while \output is active
\T1/lmr/m/sl/10.95 CHAPTER 0.  GETTING STARTED: YOUR SNOWFLAKE FREE TRIAL AND E
NVIRONMENT \T1/lmr/m/n/10.95 6
 []

[6]
Overfull \hbox (31.15413pt too wide) has occurred while \output is active
\T1/lmr/m/sl/10.95 CHAPTER 0.  GETTING STARTED: YOUR SNOWFLAKE FREE TRIAL AND E
NVIRONMENT \T1/lmr/m/n/10.95 7
 []

[7]
Overfull \hbox (31.15413pt too wide) has occurred while \output is active
\T1/lmr/m/sl/10.95 CHAPTER 0.  GETTING STARTED: YOUR SNOWFLAKE FREE TRIAL AND E
NVIRONMENT \T1/lmr/m/n/10.95 8
 []

[8]
Overfull \hbox (31.15413pt too wide) has occurred while \output is active
\T1/lmr/m/sl/10.95 CHAPTER 0.  GETTING STARTED: YOUR SNOWFLAKE FREE TRIAL AND E
NVIRONMENT \T1/lmr/m/n/10.95 9
 []

[9
pdfTeX warning (ext4): destination with the same identifier (name{figure.0.1}) 
has been already used, duplicate ignored
<argument> ...shipout:D \box_use:N \l_shipout_box 
                                                  \__shipout_drop_firstpage_...
l.375 ...pe.},label={lst:chapter0-context-output}]
                                                  ]
Underfull \hbox (badness 4193) in paragraph at lines 418--419
[]\T1/lmr/m/n/10.95 The setup is ready for Chap-ter 1 when a non-admin role can
 run \T1/lmtt/m/n/10.95 SELECT
 []


Overfull \hbox (36.62912pt too wide) has occurred while \output is active
\T1/lmr/m/sl/10.95 CHAPTER 0.  GETTING STARTED: YOUR SNOWFLAKE FREE TRIAL AND E
NVIRONMENT \T1/lmr/m/n/10.95 10
 []

[10]
Overfull \hbox (36.62912pt too wide) has occurred while \output is active
\T1/lmr/m/sl/10.95 CHAPTER 0.  GETTING STARTED: YOUR SNOWFLAKE FREE TRIAL AND E
NVIRONMENT \T1/lmr/m/n/10.95 11
 []

[11]
Overfull \hbox (6.99461pt too wide) in paragraph at lines 467--468
[]\T1/lmr/bx/n/10.95 Compute check-list. \T1/lmr/m/n/10.95 Cre-ate \T1/lmtt/m/n
/10.95 DE_TRAINING_WH \T1/lmr/m/n/10.95 as an \T1/lmtt/m/n/10.95 XSMALL \T1/lmr
/m/n/10.95 ware-house with \T1/lmtt/m/n/10.95 AUTO_SUSPEND
 []


Overfull \hbox (74.11465pt too wide) in paragraph at lines 469--470
[]\T1/lmr/bx/n/10.95 Verification check-list. \T1/lmr/m/n/10.95 Run \T1/lmtt/m/
n/10.95 SELECT CURRENT_VERSION(), CURRENT_ROLE(), CURRENT_WAREHOUSE();
 []


Overfull \hbox (0.50201pt too wide) in paragraph at lines 472--473
[]\T1/lmr/bx/n/10.95 Cost re-flec-tion. \T1/lmr/m/n/10.95 Af-ter com-plet-ing t
he chap-ter, open Snowsight us-age mon-i-tor-ing. Record
 []

)
Overfull \hbox (36.62912pt too wide) has occurred while \output is active
\T1/lmr/m/sl/10.95 CHAPTER 0.  GETTING STARTED: YOUR SNOWFLAKE FREE TRIAL AND E
NVIRONMENT \T1/lmr/m/n/10.95 12
 []

[12] [13



]
\openout2 = `chapters/chapter1-architecture-storage.aux'.

 (chapters/chapter1-architecture-storage.tex
Chapter 1.

Underfull \hbox (badness 1430) in paragraph at lines 27--27
[]\T1/lmr/m/n/9 Glacier In-stant Re-
 []


Underfull \hbox (badness 10000) in paragraph at lines 29--29
[]\T1/lmr/m/n/9 Lifecycle man-age-
 []


Underfull \hbox (badness 10000) in paragraph at lines 29--30
[]\T1/lmr/m/n/9 Object Life-cy-cle
 []


Underfull \hbox (badness 10000) in paragraph at lines 31--31
[]\T1/lmr/m/n/9 Immutability
 []


Underfull \hbox (badness 10000) in paragraph at lines 32--32
[]\T1/lmr/m/n/9 Object repli-ca-tion
 []


Underfull \hbox (badness 10000) in paragraph at lines 37--37
[]\T1/lmr/m/n/9 99.9% (RA-GRS
 []


Underfull \hbox (badness 10000) in paragraph at lines 37--38
[]\T1/lmr/m/n/9 99.95% (multi-
 []


Underfull \hbox (badness 10000) in paragraph at lines 38--39
[]\T1/lmr/m/n/9 Google-managed /
 []


Underfull \hbox (badness 10000) in paragraph at lines 41--41
[]\T1/lmr/m/n/9 Strong read-after-
 []


Underfull \hbox (badness 10000) in paragraph at lines 41--41
[]\T1/lmr/m/n/9 Strong read-after-
 []

[14


]
Overfull \hbox (54.87549pt too wide) has occurred while \output is active
\T1/lmr/m/sl/10.95 CHAPTER 1.  THE MULTI-CLUSTER SHARED DATA ARCHITECTURE AND S
TORAGE ENGINE \T1/lmr/m/n/10.95 15
 []

[15]
Overfull \hbox (54.87549pt too wide) has occurred while \output is active
\T1/lmr/m/sl/10.95 CHAPTER 1.  THE MULTI-CLUSTER SHARED DATA ARCHITECTURE AND S
TORAGE ENGINE \T1/lmr/m/n/10.95 16
 []

[16]
Overfull \hbox (54.87549pt too wide) has occurred while \output is active
\T1/lmr/m/sl/10.95 CHAPTER 1.  THE MULTI-CLUSTER SHARED DATA ARCHITECTURE AND S
TORAGE ENGINE \T1/lmr/m/n/10.95 17
 []

[17
pdfTeX warning (ext4): destination with the same identifier (name{figure.1.1}) 
has been already used, duplicate ignored
<argument> ...shipout:D \box_use:N \l_shipout_box 
                                                  \__shipout_drop_firstpage_...
l.117 
      ]
LaTeX Font Info:    External font `lmex10' loaded for size
(Font)              <10> on input line 121.
LaTeX Font Info:    External font `lmex10' loaded for size
(Font)              <7> on input line 121.

Underfull \hbox (badness 10000) in paragraph at lines 123--124
[]\T1/lmr/bx/n/10 Snowflake rel-e-
 []


Underfull \hbox (badness 3291) in paragraph at lines 125--126
[]\T1/lmr/m/n/10 Cloud Ser-vices co-
 []


Underfull \hbox (badness 5985) in paragraph at lines 125--126
\T1/lmr/m/n/10 or-di-nates meta-data
 []


Underfull \hbox (badness 1342) in paragraph at lines 126--127
[]\T1/lmr/m/n/10 Warehouses ex-e-cute
 []


Underfull \hbox (badness 10000) in paragraph at lines 127--127
[]\T1/lmr/m/n/10 Multi-cluster
 []


Underfull \hbox (badness 10000) in paragraph at lines 127--127
[]\T1/lmr/m/n/10 Metadata qual-ity and
 []


Underfull \hbox (badness 10000) in paragraph at lines 127--128
[]\T1/lmr/m/n/10 Snowflake's core
 []


Underfull \hbox (badness 10000) in paragraph at lines 127--128
\T1/lmr/m/n/10 model for elas-tic
 []


Overfull \hbox (54.87549pt too wide) has occurred while \output is active
\T1/lmr/m/sl/10.95 CHAPTER 1.  THE MULTI-CLUSTER SHARED DATA ARCHITECTURE AND S
TORAGE ENGINE \T1/lmr/m/n/10.95 18
 []

[18
pdfTeX warning (ext4): destination with the same identifier (name{table.1.1}) h
as been already used, duplicate ignored
<argument> ...shipout:D \box_use:N \l_shipout_box 
                                                  \__shipout_drop_firstpage_...
l.151 
      ]
Overfull \hbox (54.87549pt too wide) has occurred while \output is active
\T1/lmr/m/sl/10.95 CHAPTER 1.  THE MULTI-CLUSTER SHARED DATA ARCHITECTURE AND S
TORAGE ENGINE \T1/lmr/m/n/10.95 19
 []

[19
pdfTeX warning (ext4): destination with the same identifier (name{figure.1.2}) 
has been already used, duplicate ignored
<argument> ...shipout:D \box_use:N \l_shipout_box 
                                                  \__shipout_drop_firstpage_...
l.198 
      ]
Overfull \hbox (7.15996pt too wide) in paragraph at lines 199--199
|[]\T1/lmr/bx/n/14.4 Wednesday: Data Types, Com-pres-sion, and Au-to-matic Clus
-
 []


Underfull \hbox (badness 6268) in paragraph at lines 214--215
[]\T1/lmr/m/n/10 Enables range pred-i-cates and
 []


Underfull \hbox (badness 2181) in paragraph at lines 215--216
[]\T1/lmr/m/n/10 Improves com-par-i-son, com-pres-
 []


Overfull \hbox (54.87549pt too wide) has occurred while \output is active
\T1/lmr/m/sl/10.95 CHAPTER 1.  THE MULTI-CLUSTER SHARED DATA ARCHITECTURE AND S
TORAGE ENGINE \T1/lmr/m/n/10.95 20
 []

[20
pdfTeX warning (ext4): destination with the same identifier (name{table.1.2}) h
as been already used, duplicate ignored
<argument> ...shipout:D \box_use:N \l_shipout_box 
                                                  \__shipout_drop_firstpage_...
l.235 \end{pitfall}
                   ]
Overfull \hbox (8.2022pt too wide) in paragraph at lines 251--251
|[]\T1/lmr/bx/n/14.4 Thursday Hands-On Project: Build and In-spect a 10-Million
-
 []


Overfull \hbox (54.87549pt too wide) has occurred while \output is active
\T1/lmr/m/sl/10.95 CHAPTER 1.  THE MULTI-CLUSTER SHARED DATA ARCHITECTURE AND S
TORAGE ENGINE \T1/lmr/m/n/10.95 21
 []

[21]
Overfull \hbox (33.90056pt too wide) in paragraph at lines 323--324
\T1/lmr/m/n/10.95 with-out ex-ter-nal files, which is use-ful for ar-chi-tec-tu
re drills. Sec-ond, \T1/lmtt/m/n/10.95 SYSTEM$CLUSTERING_INFORMATION
 []


Overfull \hbox (54.87549pt too wide) has occurred while \output is active
\T1/lmr/m/sl/10.95 CHAPTER 1.  THE MULTI-CLUSTER SHARED DATA ARCHITECTURE AND S
TORAGE ENGINE \T1/lmr/m/n/10.95 22
 []

[22]
Overfull \hbox (54.87549pt too wide) has occurred while \output is active
\T1/lmr/m/sl/10.95 CHAPTER 1.  THE MULTI-CLUSTER SHARED DATA ARCHITECTURE AND S
TORAGE ENGINE \T1/lmr/m/n/10.95 23
 []

[23]
Underfull \hbox (badness 5667) in paragraph at lines 389--389
[]\T1/lmr/m/n/10 Subscriber and re-cent date
 []


Overfull \hbox (54.87549pt too wide) has occurred while \output is active
\T1/lmr/m/sl/10.95 CHAPTER 1.  THE MULTI-CLUSTER SHARED DATA ARCHITECTURE AND S
TORAGE ENGINE \T1/lmr/m/n/10.95 24
 []

[24
pdfTeX warning (ext4): destination with the same identifier (name{table.1.3}) h
as been already used, duplicate ignored
<argument> ...shipout:D \box_use:N \l_shipout_box 
                                                  \__shipout_drop_firstpage_...
l.410 \end{definitionbox}
                         ]
Overfull \hbox (54.87549pt too wide) has occurred while \output is active
\T1/lmr/m/sl/10.95 CHAPTER 1.  THE MULTI-CLUSTER SHARED DATA ARCHITECTURE AND S
TORAGE ENGINE \T1/lmr/m/n/10.95 25
 []

[25
pdfTeX warning (ext4): destination with the same identifier (name{figure.1.3}) 
has been already used, duplicate ignored
<argument> ...shipout:D \box_use:N \l_shipout_box 
                                                  \__shipout_drop_firstpage_...
l.463 \end{notebox}
                   ]
Overfull \hbox (3.03918pt too wide) in paragraph at lines 486--487
[]\T1/lmr/m/n/10.95 Multi-cluster shared-data ar-chi-tec-ture lets in-de-pen-de
nt ware-houses ac-cess the same durable
 []


Overfull \hbox (54.87549pt too wide) has occurred while \output is active
\T1/lmr/m/sl/10.95 CHAPTER 1.  THE MULTI-CLUSTER SHARED DATA ARCHITECTURE AND S
TORAGE ENGINE \T1/lmr/m/n/10.95 26
 []

[26]
Overfull \hbox (2.10326pt too wide) in paragraph at lines 508--508
|[]\T1/lmr/bx/n/14.4 Capstone Project: CDR Stor-age and Micro-Partition Clus-
 []


Underfull \hbox (badness 1292) in paragraph at lines 518--519
[]\T1/lmr/m/n/10.95 Mapping Snowflake's Cloud Ser-vices, vir-tual ware-house co
m-pute, and micro-
 []


Overfull \hbox (54.87549pt too wide) has occurred while \output is active
\T1/lmr/m/sl/10.95 CHAPTER 1.  THE MULTI-CLUSTER SHARED DATA ARCHITECTURE AND S
TORAGE ENGINE \T1/lmr/m/n/10.95 27
 []

[27]
Overfull \hbox (54.87549pt too wide) has occurred while \output is active
\T1/lmr/m/sl/10.95 CHAPTER 1.  THE MULTI-CLUSTER SHARED DATA ARCHITECTURE AND S
TORAGE ENGINE \T1/lmr/m/n/10.95 28
 []

[28]
Overfull \hbox (54.87549pt too wide) has occurred while \output is active
\T1/lmr/m/sl/10.95 CHAPTER 1.  THE MULTI-CLUSTER SHARED DATA ARCHITECTURE AND S
TORAGE ENGINE \T1/lmr/m/n/10.95 29
 []

[29
pdfTeX warning (ext4): destination with the same identifier (name{figure.1.4}) 
has been already used, duplicate ignored
<argument> ...shipout:D \box_use:N \l_shipout_box 
                                                  \__shipout_drop_firstpage_...
l.589 \end{enumerate}
                     ]
Overfull \hbox (54.87549pt too wide) has occurred while \output is active
\T1/lmr/m/sl/10.95 CHAPTER 1.  THE MULTI-CLUSTER SHARED DATA ARCHITECTURE AND S
TORAGE ENGINE \T1/lmr/m/n/10.95 30
 []

[30]
Overfull \hbox (54.87549pt too wide) has occurred while \output is active
\T1/lmr/m/sl/10.95 CHAPTER 1.  THE MULTI-CLUSTER SHARED DATA ARCHITECTURE AND S
TORAGE ENGINE \T1/lmr/m/n/10.95 31
 []

[31]
Underfull \hbox (badness 10000) in paragraph at lines 762--762
[]\T1/lmr/bx/n/10 Partitions
 []


Underfull \hbox (badness 10000) in paragraph at lines 762--762
[]\T1/lmr/bx/n/10 Bytes
 []


Underfull \hbox (badness 10000) in paragraph at lines 762--763
[]\T1/lmr/bx/n/10 Elapsed
 []


Underfull \hbox (badness 10000) in paragraph at lines 764--764
[]\T1/lmr/m/n/10 Candidate
 []


Overfull \hbox (0.84433pt too wide) in paragraph at lines 765--765
[]\T1/lmtt/m/n/10 event_date,
 []


Underfull \hbox (badness 1902) in paragraph at lines 766--766
[]\T1/lmr/m/n/10 Production es-
 []


Overfull \hbox (54.87549pt too wide) has occurred while \output is active
\T1/lmr/m/sl/10.95 CHAPTER 1.  THE MULTI-CLUSTER SHARED DATA ARCHITECTURE AND S
TORAGE ENGINE \T1/lmr/m/n/10.95 32
 []

[32])
Overfull \hbox (54.87549pt too wide) has occurred while \output is active
\T1/lmr/m/sl/10.95 CHAPTER 1.  THE MULTI-CLUSTER SHARED DATA ARCHITECTURE AND S
TORAGE ENGINE \T1/lmr/m/n/10.95 33
 []

[33
pdfTeX warning (ext4): destination with the same identifier (name{table.1.4}) h
as been already used, duplicate ignored
<argument> ...shipout:D \box_use:N \l_shipout_box 
                                                  \__shipout_drop_firstpage_...
l.36 ...de{chapters/chapter1-architecture-storage}
                                                  ]
\openout2 = `chapters/chapter2-virtual-warehouses.aux'.


(chapters/chapter2-virtual-warehouses.tex
Chapter 2.

Overfull \hbox (20.10654pt too wide) in paragraph at lines 1--1
|\T1/lmr/bx/n/24.88 Virtual Ware-houses and Com-pute Scal-
 []


Underfull \hbox (badness 10000) in paragraph at lines 24--24
[]\T1/lmr/m/n/9 Primary com-pute
 []


Underfull \hbox (badness 10000) in paragraph at lines 24--24
[]\T1/lmr/m/n/9 Virtual ware-house
 []


Underfull \hbox (badness 10000) in paragraph at lines 24--24
\T1/lmr/m/n/9 size, XSMALL--
 []


Underfull \hbox (badness 10000) in paragraph at lines 24--24
[]\T1/lmr/m/n/9 RA3 pro-vi-sioned
 []


Underfull \hbox (badness 1005) in paragraph at lines 24--24
\T1/lmr/m/n/9 clus-ters or Red-shift
 []


Underfull \hbox (badness 10000) in paragraph at lines 24--25
[]\T1/lmr/m/n/9 Slots, reser-va-tions,
 []


Underfull \hbox (badness 10000) in paragraph at lines 24--25
\T1/lmr/m/n/9 edi-tions, or on-
 []


Underfull \hbox (badness 10000) in paragraph at lines 25--25
[]\T1/lmr/m/n/9 Centralized
 []


Underfull \hbox (badness 10000) in paragraph at lines 25--25
\T1/lmr/m/n/9 Snowflake stor-
 []


Underfull \hbox (badness 10000) in paragraph at lines 25--25
[]\T1/lmr/m/n/9 RA3 man-aged
 []


Underfull \hbox (badness 10000) in paragraph at lines 25--25
\T1/lmr/m/n/9 stor-age sep-a-rates
 []


Underfull \hbox (badness 6842) in paragraph at lines 25--25
\T1/lmr/m/n/9 hot com-pute from
 []


Underfull \hbox (badness 10000) in paragraph at lines 25--25
\T1/lmr/m/n/9 vis-i-bly; server-less
 []


Underfull \hbox (badness 10000) in paragraph at lines 25--26
[]\T1/lmr/m/n/9 Managed colum-nar
 []


Underfull \hbox (badness 10000) in paragraph at lines 26--26
[]\T1/lmr/m/n/9 Multi-cluster ware-
 []


Underfull \hbox (badness 10000) in paragraph at lines 26--26
\T1/lmr/m/n/9 houses, query
 []


Underfull \hbox (badness 10000) in paragraph at lines 26--26
\T1/lmr/m/n/9 queues, scal-ing
 []


Underfull \hbox (badness 10000) in paragraph at lines 26--27
\T1/lmr/m/n/9 ments, au-toscal-ing
 []


Underfull \hbox (badness 10000) in paragraph at lines 27--27
[]\T1/lmr/m/n/9 Auto-suspend and
 []


Underfull \hbox (badness 10000) in paragraph at lines 27--27
\T1/lmr/m/n/9 auto-resume per
 []


Underfull \hbox (badness 10000) in paragraph at lines 27--27
\T1/lmr/m/n/9 vi-sioned clus-ters;
 []


Underfull \hbox (badness 2469) in paragraph at lines 27--27
\T1/lmr/m/n/9 server-less scales by
 []


Underfull \hbox (badness 10000) in paragraph at lines 27--28
[]\T1/lmr/m/n/9 Reservations are
 []


Underfull \hbox (badness 10000) in paragraph at lines 27--28
\T1/lmr/m/n/9 ca-pac-ity com-mit-
 []


Underfull \hbox (badness 10000) in paragraph at lines 27--28
\T1/lmr/m/n/9 ments; on-demand
 []


Underfull \hbox (badness 10000) in paragraph at lines 28--28
[]\T1/lmr/m/n/9 Credits per ware-
 []


Underfull \hbox (badness 10000) in paragraph at lines 28--28
\T1/lmr/m/n/9 house size and
 []


Underfull \hbox (badness 5050) in paragraph at lines 28--28
[]\T1/lmr/m/n/9 Node-hours, RPUs,
 []


Underfull \hbox (badness 10000) in paragraph at lines 28--28
\T1/lmr/m/n/9 man-aged stor-age,
 []


Underfull \hbox (badness 7081) in paragraph at lines 28--28
\T1/lmr/m/n/9 con-cur-rency scal-ing
 []


Underfull \hbox (badness 10000) in paragraph at lines 28--29
[]\T1/lmr/m/n/9 Slot com-mit-ments,
 []


Underfull \hbox (badness 3291) in paragraph at lines 28--29
\T1/lmr/m/n/9 bytes pro-cessed on
 []


Underfull \hbox (badness 10000) in paragraph at lines 29--29
[]\T1/lmr/m/n/9 Cluster/workgroup
 []


Underfull \hbox (badness 10000) in paragraph at lines 29--29
\T1/lmr/m/n/9 per work-load or
 []


Underfull \hbox (badness 10000) in paragraph at lines 29--29
[]\T1/lmr/m/n/9 Pool, workspace,
 []


Underfull \hbox (badness 1590) in paragraph at lines 29--29
\T1/lmr/m/n/9 work-load group, or
 []


Underfull \hbox (badness 10000) in paragraph at lines 29--30
[]\T1/lmr/m/n/9 Reservation as-sign-
 []


Overfull \hbox (36.66872pt too wide) in paragraph at lines 20--32
[][] 
 []

[34




] [35]
Underfull \hbox (badness 2393) in paragraph at lines 65--65
[]\T1/lmr/bx/n/10 Good start-ing work-
 []


Underfull \hbox (badness 10000) in paragraph at lines 67--67
[]\T1/lmr/m/n/10 XSMALL /
 []


Underfull \hbox (badness 4582) in paragraph at lines 67--67
[]\T1/lmr/m/n/10 Lowest in-ter-ac-tive
 []


Underfull \hbox (badness 10000) in paragraph at lines 67--67
[]\T1/lmr/m/n/10 Development, meta-data
 []


Underfull \hbox (badness 2856) in paragraph at lines 67--67
\T1/lmr/m/n/10 checks, small BI dash-
 []


Underfull \hbox (badness 10000) in paragraph at lines 68--68
[]\T1/lmr/m/n/10 MEDIUM /
 []


Underfull \hbox (badness 6461) in paragraph at lines 68--68
[]\T1/lmr/m/n/10 Moderate pro-duc-
 []


Underfull \hbox (badness 10000) in paragraph at lines 68--68
[]\T1/lmr/m/n/10 Scheduled trans-forms,
 []


Underfull \hbox (badness 10000) in paragraph at lines 68--68
\T1/lmr/m/n/10 re-cur-ring dash-boards,
 []


Underfull \hbox (badness 10000) in paragraph at lines 69--69
[]\T1/lmr/m/n/10 XLARGE /
 []


Underfull \hbox (badness 10000) in paragraph at lines 69--69
[]\T1/lmr/m/n/10 Large batch win-dows,
 []


Underfull \hbox (badness 1331) in paragraph at lines 69--70
[]\T1/lmr/m/n/10 Can hide in-ef-fi-cient SQL
 []


Underfull \hbox (badness 10000) in paragraph at lines 69--70
\T1/lmr/m/n/10 while in-creas-ing spend
 []


Underfull \hbox (badness 10000) in paragraph at lines 70--70
[]\T1/lmr/m/n/10 3XLARGE--
 []


Underfull \hbox (badness 10000) in paragraph at lines 70--70
[]\T1/lmr/m/n/10 Rare enterprise-scale
 []


Underfull \hbox (badness 2698) in paragraph at lines 70--71
[]\T1/lmr/m/n/10 Requires strong mon-i-tor-
 []

[36
pdfTeX warning (ext4): destination with the same identifier (name{table.2.1}) h
as been already used, duplicate ignored
<argument> ...shipout:D \box_use:N \l_shipout_box 
                                                  \__shipout_drop_firstpage_...
l.80 
     ] [37
pdfTeX warning (ext4): destination with the same identifier (name{figure.2.1}) 
has been already used, duplicate ignored
<argument> ...shipout:D \box_use:N \l_shipout_box 
                                                  \__shipout_drop_firstpage_...
l.126 
      ] [38] [39]
Underfull \hbox (badness 10000) in paragraph at lines 217--217
\T1/lmr/m/n/10 boards, user-facing ap-pli-ca-
 []


Underfull \hbox (badness 10000) in paragraph at lines 218--218
\T1/lmr/m/n/10 anal-y-sis, pre-dictable back-
 []


Overfull \hbox (5.96059pt too wide) in paragraph at lines 229--229
|[]\T1/lmr/bx/n/14.4 Thursday Hands-On Project: Con-fig-ure Multi-Cluster Auto-

 []

[40
pdfTeX warning (ext4): destination with the same identifier (name{figure.2.2}) 
has been already used, duplicate ignored
<argument> ...shipout:D \box_use:N \l_shipout_box 
                                                  \__shipout_drop_firstpage_...
l.235 \end{pitfall}
                   
pdfTeX warning (ext4): destination with the same identifier (name{table.2.2}) h
as been already used, duplicate ignored
<argument> ...shipout:D \box_use:N \l_shipout_box 
                                                  \__shipout_drop_firstpage_...
l.235 \end{pitfall}
                   ] [41] [42]
Overfull \hbox (9.45538pt too wide) in paragraph at lines 358--359
\T1/lmr/m/n/10.95 The sim-plest de-fen-si-ble strat-egy is warehouse-per-worklo
ad with ex-plicit own-er-ship and guardrails.
 []


Overfull \hbox (16.00766pt too wide) in paragraph at lines 386--386
 [][]\T1/lmr/bx/n/8 BI_DASHBOARD_WH 
 []


Overfull \hbox (1.85732pt too wide) in paragraph at lines 386--386
 [][]\T1/lmr/bx/n/8 DS_EXPLORE_WH 
 []

[43
pdfTeX warning (ext4): destination with the same identifier (name{figure.2.3}) 
has been already used, duplicate ignored
<argument> ...shipout:D \box_use:N \l_shipout_box 
                                                  \__shipout_drop_firstpage_...
l.393 \end{notebox}
                   ] [44]
Overfull \hbox (21.49457pt too wide) in paragraph at lines 445--445
|[]\T1/lmr/bx/n/14.4 Capstone Project: Workload-Isolated Multi-Warehouse Com-
 []


Underfull \hbox (badness 2521) in paragraph at lines 459--460
[]\T1/lmr/m/n/10.95 Producing an evidence-based FinOps rec-om-men-da-tion in-st
ead of re-ly-ing on
 []

[45]
Overfull \hbox (30.23045pt too wide) in paragraph at lines 471--472
[]\T1/lmr/m/n/10.95 Create or spec-ify three ware-houses: \T1/lmtt/m/n/10.95 BI
_DASHBOARD_WH\T1/lmr/m/n/10.95 , \T1/lmtt/m/n/10.95 ETL_BATCH_WH\T1/lmr/m/n/10.
95 , and \T1/lmtt/m/n/10.95 DS_EXPLORATION_WH\T1/lmr/m/n/10.95 . 
 []

[46]
Overfull \hbox (21.69812pt too wide) in paragraph at lines 508--508
 [][]\T1/lmr/bx/n/8 BI_DASHBOARD_WH 
 []


Overfull \hbox (1.30463pt too wide) in paragraph at lines 508--508
 [][]\T1/lmr/bx/n/8 ETL_BATCH_WH 
 []


Overfull \hbox (33.17638pt too wide) in paragraph at lines 508--508
 [][]\T1/lmr/bx/n/8 DS_EXPLORATION_WH 
 []

[47
pdfTeX warning (ext4): destination with the same identifier (name{figure.2.4}) 
has been already used, duplicate ignored
<argument> ...shipout:D \box_use:N \l_shipout_box 
                                                  \__shipout_drop_firstpage_...
l.535  
        WAREHOUSE_SIZE = 'MEDIUM'] [48] [49]
Underfull \hbox (badness 5817) in paragraph at lines 660--660
[]\T1/lmr/bx/n/10 Max clus-
 []


Underfull \hbox (badness 10000) in paragraph at lines 660--660
[]\T1/lmr/bx/n/10 Median la-
 []


Underfull \hbox (badness 3989) in paragraph at lines 660--661
[]\T1/lmr/bx/n/10 Daily cred-
 []


Underfull \hbox (badness 7256) in paragraph at lines 665--665
[]\T1/lmr/m/n/10 Shared base-
 []

) [50
pdfTeX warning (ext4): destination with the same identifier (name{table.2.3}) h
as been already used, duplicate ignored
<argument> ...shipout:D \box_use:N \l_shipout_box 
                                                  \__shipout_drop_firstpage_...
l.37 ...lude{chapters/chapter2-virtual-warehouses}
                                                  ]
\openout2 = `chapters/chapter3-tables-views-search-optimization.aux'.


(chapters/chapter3-tables-views-search-optimization.tex
Chapter 3.

Overfull \hbox (18.50174pt too wide) in paragraph at lines 1--1
|\T1/lmr/bx/n/24.88 Tables, Views, Ma-te-ri-al-ized Views, and
 []


Underfull \hbox (badness 10000) in paragraph at lines 22--22
[]\T1/lmr/m/n/9 Materialized Views
 []


Underfull \hbox (badness 10000) in paragraph at lines 22--22
\T1/lmr/m/n/9 main-tained by
 []


Underfull \hbox (badness 10000) in paragraph at lines 22--22
[]\T1/lmr/m/n/9 Materialized views
 []


Underfull \hbox (badness 10000) in paragraph at lines 22--22
\T1/lmr/m/n/9 with re-fresh and
 []


Underfull \hbox (badness 4832) in paragraph at lines 22--22
\T1/lmr/m/n/9 query rewrite sup-
 []


Underfull \hbox (badness 10000) in paragraph at lines 22--23
[]\T1/lmr/m/n/9 Materialized views
 []


Underfull \hbox (badness 3199) in paragraph at lines 22--23
\T1/lmr/m/n/9 with au-to-matic re-
 []


Underfull \hbox (badness 1112) in paragraph at lines 22--23
\T1/lmr/m/n/9 fresh and op-ti-mizer
 []


Underfull \hbox (badness 10000) in paragraph at lines 23--23
[]\T1/lmr/m/n/9 Point-lookup
 []


Underfull \hbox (badness 1874) in paragraph at lines 23--23
\T1/lmr/m/n/9 pred-i-cates on high-
 []


Underfull \hbox (badness 1163) in paragraph at lines 23--23
[]\T1/lmr/m/n/9 Sort keys, dis-tri-bu-
 []


Underfull \hbox (badness 7504) in paragraph at lines 23--23
\T1/lmr/m/n/9 tion choices, zone
 []


Underfull \hbox (badness 10000) in paragraph at lines 23--23
[]\T1/lmr/m/n/9 Ordered clus-tered
 []


Underfull \hbox (badness 4726) in paragraph at lines 23--23
\T1/lmr/m/n/9 column-store de-sign,
 []


Underfull \hbox (badness 10000) in paragraph at lines 23--23
\T1/lmr/m/n/9 repli-cated di-men-
 []


Underfull \hbox (badness 5924) in paragraph at lines 23--24
[]\T1/lmr/m/n/9 Search in-dexes for
 []


Underfull \hbox (badness 6396) in paragraph at lines 23--24
\T1/lmr/m/n/9 point lookups and
 []


Underfull \hbox (badness 4886) in paragraph at lines 23--24
\T1/lmr/m/n/9 text-like search on
 []


Underfull \hbox (badness 10000) in paragraph at lines 24--24
[]\T1/lmr/m/n/9 Transient and
 []


Underfull \hbox (badness 10000) in paragraph at lines 24--24
[]\T1/lmr/m/n/9 Permanent, tran-
 []


Underfull \hbox (badness 10000) in paragraph at lines 24--24
[]\T1/lmr/m/n/9 Temporary ta-bles
 []


Underfull \hbox (badness 7397) in paragraph at lines 24--24
\T1/lmr/m/n/9 no di-rect Fail-safe
 []


Underfull \hbox (badness 10000) in paragraph at lines 24--24
[]\T1/lmr/m/n/9 Temporary ta-bles,
 []


Underfull \hbox (badness 10000) in paragraph at lines 24--25
[]\T1/lmr/m/n/9 Temporary ta-bles,
 []


Underfull \hbox (badness 1546) in paragraph at lines 24--25
\T1/lmr/m/n/9 dataset-level de-fault
 []


Underfull \hbox (badness 10000) in paragraph at lines 25--25
[]\T1/lmr/m/n/9 Persisted re-sult
 []


Underfull \hbox (badness 3525) in paragraph at lines 25--25
\T1/lmr/m/n/9 age cache and re-
 []


Underfull \hbox (badness 1540) in paragraph at lines 25--25
\T1/lmr/m/n/9 sult cache be-hav-ior
 []


Underfull \hbox (badness 10000) in paragraph at lines 25--25
[]\T1/lmr/m/n/9 Result-set caching
 []


Underfull \hbox (badness 10000) in paragraph at lines 25--26
[]\T1/lmr/m/n/9 BI En-gine, re-sult
 []


Overfull \hbox (30.97824pt too wide) in paragraph at lines 15--30
  []
 []

[51




]
Overfull \hbox (13.05928pt too wide) has occurred while \output is active
\T1/lmr/m/sl/10.95 CHAPTER 3.  TABLES, VIEWS, MATERIALIZED VIEWS, AND SEARCH OP
TIMIZATION \T1/lmr/m/n/10.95 52
 []

[52]
Underfull \hbox (badness 10000) in paragraph at lines 58--58
[]\T1/lmr/m/n/10 Persists un-til
 []


Underfull \hbox (badness 6063) in paragraph at lines 58--58
[]\T1/lmr/m/n/10 Configurable re-ten-
 []


Underfull \hbox (badness 10000) in paragraph at lines 58--58
[]\T1/lmr/m/n/10 Yes, Snowflake-
 []


Underfull \hbox (badness 10000) in paragraph at lines 58--58
\T1/lmr/m/n/10 managed re-cov-ery
 []


Underfull \hbox (badness 8056) in paragraph at lines 58--59
[]\T1/lmr/m/n/10 Curated marts,
 []


Underfull \hbox (badness 10000) in paragraph at lines 58--59
\T1/lmr/m/n/10 di-men-sions,
 []


Underfull \hbox (badness 10000) in paragraph at lines 58--59
\T1/lmr/m/n/10 facts, au-dit
 []


Underfull \hbox (badness 10000) in paragraph at lines 59--59
[]\T1/lmr/m/n/10 Persists un-til
 []


Underfull \hbox (badness 7379) in paragraph at lines 59--59
[]\T1/lmr/m/n/10 Supported, usu-ally
 []


Underfull \hbox (badness 1769) in paragraph at lines 59--59
\T1/lmr/m/n/10 with shorter re-ten-
 []


Underfull \hbox (badness 7415) in paragraph at lines 59--60
\T1/lmr/m/n/10 build-able in-ter-
 []


Underfull \hbox (badness 10000) in paragraph at lines 60--60
[]\T1/lmr/m/n/10 Session-scoped;
 []


Underfull \hbox (badness 2753) in paragraph at lines 60--60
\T1/lmr/m/n/10 dropped when ses-
 []


Underfull \hbox (badness 10000) in paragraph at lines 60--61
[]\T1/lmr/m/n/10 Scratch work,
 []


Underfull \hbox (badness 10000) in paragraph at lines 60--61
\T1/lmr/m/n/10 note-book ex-
 []


Underfull \hbox (badness 10000) in paragraph at lines 60--61
\T1/lmr/m/n/10 per-i-ments,
 []


Underfull \hbox (badness 1270) in paragraph at lines 60--61
\T1/lmr/m/n/10 pro-ce-dure in-ter-
 []


Overfull \hbox (10.44203pt too wide) in paragraph at lines 54--63
 [][] 
 []


Overfull \hbox (13.05928pt too wide) has occurred while \output is active
\T1/lmr/m/sl/10.95 CHAPTER 3.  TABLES, VIEWS, MATERIALIZED VIEWS, AND SEARCH OP
TIMIZATION \T1/lmr/m/n/10.95 53
 []

[53
pdfTeX warning (ext4): destination with the same identifier (name{table.3.1}) h
as been already used, duplicate ignored
<argument> ...shipout:D \box_use:N \l_shipout_box 
                                                  \__shipout_drop_firstpage_...
l.91 \end{tipbox}
                 ]
Underfull \hbox (badness 10000) in paragraph at lines 115--116
[]\T1/lmr/bx/n/10 Operational cau-
 []


Underfull \hbox (badness 10000) in paragraph at lines 117--117
[]\T1/lmr/m/n/10 Semantic ab-strac-tion
 []


Underfull \hbox (badness 10000) in paragraph at lines 117--117
[]\T1/lmr/m/n/10 Executes un-der-ly-ing
 []


Underfull \hbox (badness 2237) in paragraph at lines 117--118
[]\T1/lmr/m/n/10 Can hide ex-pen-sive
 []


Underfull \hbox (badness 1199) in paragraph at lines 117--118
\T1/lmr/m/n/10 joins or scans from
 []


Underfull \hbox (badness 3724) in paragraph at lines 118--118
[]\T1/lmr/m/n/10 May trade some op-ti-
 []


Underfull \hbox (badness 2119) in paragraph at lines 119--119
\T1/lmr/m/n/10 sults for el-i-gi-ble query
 []


Underfull \hbox (badness 10000) in paragraph at lines 119--120
[]\T1/lmr/m/n/10 Adds stor-age and
 []


Overfull \hbox (13.05928pt too wide) has occurred while \output is active
\T1/lmr/m/sl/10.95 CHAPTER 3.  TABLES, VIEWS, MATERIALIZED VIEWS, AND SEARCH OP
TIMIZATION \T1/lmr/m/n/10.95 54
 []

[54
pdfTeX warning (ext4): destination with the same identifier (name{figure.3.1}) 
has been already used, duplicate ignored
<argument> ...shipout:D \box_use:N \l_shipout_box 
                                                  \__shipout_drop_firstpage_...
l.124 \end{table}
                 ]
Overfull \hbox (13.05928pt too wide) has occurred while \output is active
\T1/lmr/m/sl/10.95 CHAPTER 3.  TABLES, VIEWS, MATERIALIZED VIEWS, AND SEARCH OP
TIMIZATION \T1/lmr/m/n/10.95 55
 []

[55
pdfTeX warning (ext4): destination with the same identifier (name{table.3.2}) h
as been already used, duplicate ignored
<argument> ...shipout:D \box_use:N \l_shipout_box 
                                                  \__shipout_drop_firstpage_...
l.139 \end{definitionbox}
                         ]
Overfull \hbox (13.05928pt too wide) has occurred while \output is active
\T1/lmr/m/sl/10.95 CHAPTER 3.  TABLES, VIEWS, MATERIALIZED VIEWS, AND SEARCH OP
TIMIZATION \T1/lmr/m/n/10.95 56
 []

[56
pdfTeX warning (ext4): destination with the same identifier (name{figure.3.2}) 
has been already used, duplicate ignored
<argument> ...shipout:D \box_use:N \l_shipout_box 
                                                  \__shipout_drop_firstpage_...
l.180 \end{pitfall}
                   ]
Overfull \hbox (13.05928pt too wide) has occurred while \output is active
\T1/lmr/m/sl/10.95 CHAPTER 3.  TABLES, VIEWS, MATERIALIZED VIEWS, AND SEARCH OP
TIMIZATION \T1/lmr/m/n/10.95 57
 []

[57]
Overfull \hbox (13.05928pt too wide) has occurred while \output is active
\T1/lmr/m/sl/10.95 CHAPTER 3.  TABLES, VIEWS, MATERIALIZED VIEWS, AND SEARCH OP
TIMIZATION \T1/lmr/m/n/10.95 58
 []

[58]
Overfull \hbox (14.67497pt too wide) in paragraph at lines 295--295
|[]\T1/lmr/bx/n/14.4 Friday Use Case: Cost Ver-sus Per-for-mance in an E-Commer
ce
 []


Overfull \hbox (13.05928pt too wide) has occurred while \output is active
\T1/lmr/m/sl/10.95 CHAPTER 3.  TABLES, VIEWS, MATERIALIZED VIEWS, AND SEARCH OP
TIMIZATION \T1/lmr/m/n/10.95 59
 []

[59]
Overfull \hbox (13.05928pt too wide) has occurred while \output is active
\T1/lmr/m/sl/10.95 CHAPTER 3.  TABLES, VIEWS, MATERIALIZED VIEWS, AND SEARCH OP
TIMIZATION \T1/lmr/m/n/10.95 60
 []

[60
pdfTeX warning (ext4): destination with the same identifier (name{figure.3.3}) 
has been already used, duplicate ignored
<argument> ...shipout:D \box_use:N \l_shipout_box 
                                                  \__shipout_drop_firstpage_...
l.341     \item \textbf
                       {Q: What is the difference between a standard view an...
]
Overfull \hbox (6.081pt too wide) in paragraph at lines 362--363
[]\T1/lmr/m/n/10.95 Search Op-ti-miza-tion Ser-vice ac-cel-er-ates se-lec-tive 
point lookups on high-cardinality columns;
 []


Overfull \hbox (13.05928pt too wide) has occurred while \output is active
\T1/lmr/m/sl/10.95 CHAPTER 3.  TABLES, VIEWS, MATERIALIZED VIEWS, AND SEARCH OP
TIMIZATION \T1/lmr/m/n/10.95 61
 []

[61]
Overfull \hbox (13.05928pt too wide) has occurred while \output is active
\T1/lmr/m/sl/10.95 CHAPTER 3.  TABLES, VIEWS, MATERIALIZED VIEWS, AND SEARCH OP
TIMIZATION \T1/lmr/m/n/10.95 62
 []

[62]
Overfull \hbox (13.05928pt too wide) has occurred while \output is active
\T1/lmr/m/sl/10.95 CHAPTER 3.  TABLES, VIEWS, MATERIALIZED VIEWS, AND SEARCH OP
TIMIZATION \T1/lmr/m/n/10.95 63
 []

[63
pdfTeX warning (ext4): destination with the same identifier (name{figure.3.4}) 
has been already used, duplicate ignored
<argument> ...shipout:D \box_use:N \l_shipout_box 
                                                  \__shipout_drop_firstpage_...
l.432     \item C
                 reate the materialized view and enable SOS. If permitted, r...
]
Overfull \hbox (239.63588pt too wide) in paragraph at lines 432--433
[]\T1/lmr/m/n/10.95 Create the ma-te-ri-al-ized view and en-able SOS. If per-mi
t-ted, run \T1/lmtt/m/n/10.95 SELECT SYSTEM$ESTIMATE_SEARCH_OPTIMIZATION_COSTS(
'ORDER_EVENTS')
 []


Overfull \hbox (13.05928pt too wide) has occurred while \output is active
\T1/lmr/m/sl/10.95 CHAPTER 3.  TABLES, VIEWS, MATERIALIZED VIEWS, AND SEARCH OP
TIMIZATION \T1/lmr/m/n/10.95 64
 []

[64]
Overfull \hbox (13.05928pt too wide) has occurred while \output is active
\T1/lmr/m/sl/10.95 CHAPTER 3.  TABLES, VIEWS, MATERIALIZED VIEWS, AND SEARCH OP
TIMIZATION \T1/lmr/m/n/10.95 65
 []

[65])
Overfull \hbox (13.05928pt too wide) has occurred while \output is active
\T1/lmr/m/sl/10.95 CHAPTER 3.  TABLES, VIEWS, MATERIALIZED VIEWS, AND SEARCH OP
TIMIZATION \T1/lmr/m/n/10.95 66
 []

[66]
\openout2 = `chapters/chapter4-cloning-time-travel-failsafe.aux'.

 (chapters/chapter4-cloning-time-travel-failsafe.tex
Chapter 4.

Underfull \hbox (badness 10000) in paragraph at lines 20--21
[]\T1/lmr/bx/n/9 GCP and Big-
 []


Underfull \hbox (badness 1331) in paragraph at lines 22--22
[]\T1/lmr/m/n/9 Point-in-time re-
 []


Underfull \hbox (badness 2237) in paragraph at lines 22--22
\T1/lmr/m/n/9 and \T1/lmtt/m/n/9 BEFORE\T1/lmr/m/n/9 ; ob-ject
 []


Underfull \hbox (badness 1558) in paragraph at lines 22--22
\T1/lmr/m/n/9 re-ten-tion can reach
 []


Underfull \hbox (badness 10000) in paragraph at lines 22--22
[]\T1/lmr/m/n/9 Aurora con-tin-u-ous
 []


Underfull \hbox (badness 1019) in paragraph at lines 22--22
\T1/lmr/m/n/9 backup, RDS point-
 []


Underfull \hbox (badness 1442) in paragraph at lines 22--22
\T1/lmr/m/n/9 in-time re-store, and
 []


Underfull \hbox (badness 1092) in paragraph at lines 22--22
\T1/lmr/m/n/9 soft delete and ver-
 []


Underfull \hbox (badness 10000) in paragraph at lines 22--23
\T1/lmr/m/n/9 man-aged re-store
 []


Underfull \hbox (badness 10000) in paragraph at lines 23--23
[]\T1/lmr/m/n/9 Retention win-
 []


Overfull \hbox (44.786pt too wide) in paragraph at lines 23--23
[]\T1/lmtt/m/n/9 DATA_RETENTION_TIME_IN_DAYS\T1/lmr/m/n/9 ;
 []


Underfull \hbox (badness 10000) in paragraph at lines 23--23
\T1/lmr/m/n/9 per-ma-nent ob-jects
 []


Underfull \hbox (badness 1859) in paragraph at lines 23--23
\T1/lmr/m/n/9 tory than tran-sient
 []


Underfull \hbox (badness 10000) in paragraph at lines 23--23
[]\T1/lmr/m/n/9 Backup re-ten-tion
 []


Underfull \hbox (badness 10000) in paragraph at lines 23--23
\T1/lmr/m/n/9 poli-cies and S3
 []


Underfull \hbox (badness 1895) in paragraph at lines 23--23
\T1/lmr/m/n/9 and blob soft-delete
 []


Underfull \hbox (badness 10000) in paragraph at lines 23--24
[]\T1/lmr/m/n/9 Configurable time
 []


Underfull \hbox (badness 3417) in paragraph at lines 23--24
\T1/lmr/m/n/9 travel win-dows and
 []


Underfull \hbox (badness 10000) in paragraph at lines 24--24
[]\T1/lmr/m/n/9 Copy-on-write
 []


Underfull \hbox (badness 2005) in paragraph at lines 24--24
\T1/lmr/m/n/9 databases, schemas,
 []


Underfull \hbox (badness 10000) in paragraph at lines 24--24
\T1/lmr/m/n/9 and ta-bles; new
 []


Underfull \hbox (badness 1701) in paragraph at lines 24--24
\T1/lmr/m/n/9 writes al-lo-cate new
 []


Underfull \hbox (badness 10000) in paragraph at lines 24--24
\T1/lmr/m/n/9 cloning and snap-
 []


Underfull \hbox (badness 10000) in paragraph at lines 24--24
\T1/lmr/m/n/9 shot copy-on-write
 []


Underfull \hbox (badness 4779) in paragraph at lines 24--24
[]\T1/lmr/m/n/9 Database copy and
 []


Underfull \hbox (badness 10000) in paragraph at lines 24--24
\T1/lmr/m/n/9 stor-age snap-shots
 []


Underfull \hbox (badness 1661) in paragraph at lines 24--25
\T1/lmr/m/n/9 and ta-ble snap-shots
 []


Underfull \hbox (badness 10000) in paragraph at lines 24--25
\T1/lmr/m/n/9 pro-vide metadata-
 []


Underfull \hbox (badness 5077) in paragraph at lines 25--25
[]\T1/lmr/m/n/9 Undrop or soft
 []


Underfull \hbox (badness 10000) in paragraph at lines 25--25
[]\T1/lmtt/m/n/9 UNDROP DATABASE\T1/lmr/m/n/9 ,
 []


Underfull \hbox (badness 1048) in paragraph at lines 25--25
\T1/lmtt/m/n/9 UNDROP SCHEMA\T1/lmr/m/n/9 , and
 []


Underfull \hbox (badness 10000) in paragraph at lines 25--25
[]\T1/lmr/m/n/9 S3 delete mark-ers
 []


Underfull \hbox (badness 2393) in paragraph at lines 25--25
\T1/lmr/m/n/9 and ver-sion re-store;
 []


Underfull \hbox (badness 4072) in paragraph at lines 25--25
\T1/lmr/m/n/9 ally cre-ates a new
 []


Underfull \hbox (badness 10000) in paragraph at lines 25--25
[]\T1/lmr/m/n/9 Blob soft delete,
 []


Underfull \hbox (badness 10000) in paragraph at lines 25--25
\T1/lmr/m/n/9 and SQL re-store
 []


Underfull \hbox (badness 10000) in paragraph at lines 25--26
[]\T1/lmr/m/n/9 BigQuery un-delete
 []


Underfull \hbox (badness 1688) in paragraph at lines 25--26
\T1/lmr/m/n/9 and re-store through
 []


Underfull \hbox (badness 10000) in paragraph at lines 25--26
\T1/lmr/m/n/9 time travel while
 []


Underfull \hbox (badness 10000) in paragraph at lines 26--26
[]\T1/lmr/m/n/9 Fail-safe is non-
 []


Underfull \hbox (badness 10000) in paragraph at lines 26--26
\T1/lmr/m/n/9 configurable, seven
 []


Underfull \hbox (badness 10000) in paragraph at lines 26--26
\T1/lmr/m/n/9 days, per-ma-nent
 []


Underfull \hbox (badness 1009) in paragraph at lines 26--26
\T1/lmr/m/n/9 data only, and not
 []


Underfull \hbox (badness 1466) in paragraph at lines 26--26
[]\T1/lmr/m/n/9 Cross-region backup,
 []


Underfull \hbox (badness 6110) in paragraph at lines 26--26
[]\T1/lmr/m/n/9 Geo-redundant stor-
 []


Underfull \hbox (badness 10000) in paragraph at lines 26--26
\T1/lmr/m/n/9 age and man-aged
 []


Underfull \hbox (badness 10000) in paragraph at lines 26--27
[]\T1/lmr/m/n/9 Regional dura-bil-
 []


Underfull \hbox (badness 3623) in paragraph at lines 26--27
\T1/lmr/m/n/9 ity, snap-shots, and
 []


Underfull \hbox (badness 10000) in paragraph at lines 26--27
\T1/lmr/m/n/9 product-specific
 []


Underfull \hbox (badness 10000) in paragraph at lines 15--31
[]\T1/lmr/m/n/10.95 Data pro-tec-tion and instant-copy fea-tures ap-pear across
 ev-ery ma-jor cloud
 []


Underfull \hbox (badness 4403) in paragraph at lines 15--31
\T1/lmr/m/n/10.95 data plat-form. The vo-cab-u-lary changes, but data en-gi-nee
rs still map four
 []


Underfull \hbox (badness 4366) in paragraph at lines 15--31
\T1/lmr/m/n/10.95 ques-tions: how do I re-cover to a point in time, how long is
 his-tory re-
 []


Underfull \hbox (badness 3049) in paragraph at lines 15--31
\T1/lmr/m/n/10.95 tained, how do I make a fast test copy, and what hap-pens af-
ter a delete?
 []


Overfull \hbox (36.66913pt too wide) in paragraph at lines 15--31
  []
 []


Underfull \hbox (badness 1924) in paragraph at lines 15--31
  \T1/lmr/bx/n/10.95 Mi-crosoft Fab-ric \T1/lmr/m/n/10.95 ex-poses re-lated thi
nk-ing through Delta Time Travel in lake-
 []


Underfull \hbox (badness 2443) in paragraph at lines 15--31
\T1/lmr/m/n/10.95 house ta-bles. \T1/lmr/bx/n/10.95 Mon-goDB \T1/lmr/m/n/10.95 
man-aged de-ploy-ments pro-vide back-ups and point-in-
 []


Underfull \hbox (badness 8189) in paragraph at lines 15--31
\T1/lmr/m/n/10.95 sys-tem func-tion names such as \T1/lmtt/m/n/10.95 SYSTEM$DAT
ABASE_STORAGE_USAGE_HISTORY \T1/lmr/m/n/10.95 and
 []


Underfull \hbox (badness 1859) in paragraph at lines 15--31
\T1/lmtt/m/n/10.95 SYSTEM$ESTIMATE_SEARCH_OPTIMIZATION_COSTS \T1/lmr/m/n/10.95 
re-quire es-caped dol-lar signs in La-
 []

[67




] [68] [69
pdfTeX warning (ext4): destination with the same identifier (name{figure.4.1}) 
has been already used, duplicate ignored
<argument> ...shipout:D \box_use:N \l_shipout_box 
                                                  \__shipout_drop_firstpage_...
l.82 \end{tipbox}
                 ]
Underfull \hbox (badness 10000) in paragraph at lines 105--105
[]\T1/lmr/m/n/10 Engineers and au-tho-
 []


Underfull \hbox (badness 4441) in paragraph at lines 105--105
[]\T1/lmr/m/n/10 Query his-tor-i-cal rows,
 []


Underfull \hbox (badness 6575) in paragraph at lines 105--105
\T1/lmr/m/n/10 clone prior state, or
 []


Underfull \hbox (badness 10000) in paragraph at lines 106--106
[]\T1/lmr/m/n/10 Snowflake, usu-ally
 []


Underfull \hbox (badness 10000) in paragraph at lines 106--107
[]\T1/lmr/m/n/10 Disaster-recovery
 []


Underfull \hbox (badness 1867) in paragraph at lines 106--107
\T1/lmr/m/n/10 back-stop for per-ma-
 []


Underfull \hbox (badness 7238) in paragraph at lines 107--107
[]\T1/lmr/m/n/10 Cross-region or cross-
 []


Underfull \hbox (badness 3229) in paragraph at lines 107--107
\T1/lmr/m/n/10 account con-ti-nu-ity de-
 []


Underfull \hbox (badness 10000) in paragraph at lines 107--108
[]\T1/lmr/m/n/10 Business con-ti-nu-ity
 []


Underfull \hbox (badness 2753) in paragraph at lines 107--108
\T1/lmr/m/n/10 be-yond one ac-count
 []

[70] [71
pdfTeX warning (ext4): destination with the same identifier (name{table.4.1}) h
as been already used, duplicate ignored
<argument> ...shipout:D \box_use:N \l_shipout_box 
                                                  \__shipout_drop_firstpage_...
l.154 C
       lones also work with Time Travel. A team can clone a table \texttt{AT...
]
Overfull \hbox (4.92273pt too wide) in paragraph at lines 166--169
\T1/lmr/m/n/10.95 This lab sim-u-lates two com-mon in-ci-dents: an ac-ci-den-ta
l ta-ble drop and a re-quest for a production-
 []

[72
pdfTeX warning (ext4): destination with the same identifier (name{figure.4.2}) 
has been already used, duplicate ignored
<argument> ...shipout:D \box_use:N \l_shipout_box 
                                                  \__shipout_drop_firstpage_...
l.169 \end{pitfall}
                   ] [73] [74] [75
pdfTeX warning (ext4): destination with the same identifier (name{figure.4.3}) 
has been already used, duplicate ignored
<argument> ...shipout:D \box_use:N \l_shipout_box 
                                                  \__shipout_drop_firstpage_...
l.328 \end{tipbox}
                  ] [76] [77] [78] [79
pdfTeX warning (ext4): destination with the same identifier (name{figure.4.4}) 
has been already used, duplicate ignored
<argument> ...shipout:D \box_use:N \l_shipout_box 
                                                  \__shipout_drop_firstpage_...
l.461 CREATE 
             OR REPLACE SCHEMA ECOM_PART1_DR.RAW DATA_RETENTION_TIME_IN_DAYS...
] [80] [81]
Overfull \hbox (36.21054pt too wide) in paragraph at lines 571--572
[]\T1/lmr/m/n/10.95 Estimate Search Op-ti-miza-tion Ser-vice cost with \T1/lmtt
/m/n/10.95 SYSTEM$ESTIMATE_SEARCH_OPTIMIZATION_COSTS
 []

) [82]
\openout2 = `chapters/appendix-cross-cloud-equivalence.aux'.

 (chapters/appendix-cross-cloud-equivalence.tex
Appendix A.

Underfull \hbox (badness 7796) in paragraph at lines 32--32
[]\T1/lmr/m/n/9 Glacier In-stant Re-
 []


Underfull \hbox (badness 10000) in paragraph at lines 36--36
[]\T1/lmr/m/n/9 Immutability
 []


Underfull \hbox (badness 10000) in paragraph at lines 37--38
[]\T1/lmr/m/n/9 Dual/multi-region +
 []


Underfull \hbox (badness 4060) in paragraph at lines 38--38
[]\T1/lmr/m/n/9 SSE + CMK (Key
 []


Underfull \hbox (badness 10000) in paragraph at lines 38--39
[]\T1/lmr/m/n/9 Google-managed /
 []

[83




]
Underfull \hbox (badness 10000) in paragraph at lines 65--65
[]\T1/lmr/m/n/9 Managed Post-
 []


Underfull \hbox (badness 1831) in paragraph at lines 65--65
[]\T1/lmr/m/n/9 Azure DB for Post-
 []


Underfull \hbox (badness 10000) in paragraph at lines 68--68
[]\T1/lmr/m/n/9 Aurora Global
 []


Underfull \hbox (badness 2818) in paragraph at lines 70--70
[]\T1/lmr/m/n/9 Azure Database Mi-
 []


Underfull \hbox (badness 10000) in paragraph at lines 70--71
[]\T1/lmr/m/n/9 Database Mi-gra-tion
 []


Underfull \hbox (badness 10000) in paragraph at lines 91--91
[]\T1/lmr/m/n/9 Redshift RA3 /
 []


Underfull \hbox (badness 1067) in paragraph at lines 91--92
[]\T1/lmr/m/n/9 Synapse pool / Big-
 []


Underfull \hbox (badness 10000) in paragraph at lines 92--92
[]\T1/lmr/m/n/9 Multi-cluster ware-
 []


Underfull \hbox (badness 10000) in paragraph at lines 92--93
[]\T1/lmr/m/n/9 Autoscale / on-
 []


Underfull \hbox (badness 10000) in paragraph at lines 93--93
[]\T1/lmr/m/n/9 Auto-suspend / re-
 []


Underfull \hbox (badness 1521) in paragraph at lines 93--94
[]\T1/lmr/m/n/9 Auto-pause / server-
 []


Underfull \hbox (badness 10000) in paragraph at lines 113--113
[]\T1/lmr/bx/n/9 Data lake
 []


Underfull \hbox (badness 10000) in paragraph at lines 115--115
[]\T1/lmtt/m/n/9 raw/ \T1/lmr/m/n/9 pre-fix
 []


Underfull \hbox (badness 10000) in paragraph at lines 117--118
[]\T1/lmr/m/n/9 ANALYTICS
 []

[84]
Underfull \hbox (badness 10000) in paragraph at lines 135--135
[]\T1/lmr/bx/n/9 Amazon Dy-
 []


Underfull \hbox (badness 10000) in paragraph at lines 168--168
[]\T1/lmr/m/n/9 Multi-region (syn-
 []


Underfull \hbox (badness 3568) in paragraph at lines 168--169
[]\T1/lmr/m/n/9 Zones / global
 []


Underfull \hbox (badness 10000) in paragraph at lines 169--169
[]\T1/lmr/m/n/9 External (True-
 []


Underfull \hbox (badness 10000) in paragraph at lines 169--170
[]\T1/lmr/m/n/9 Tunable
 []


Underfull \hbox (badness 10000) in paragraph at lines 169--170
\T1/lmr/m/n/9 read/write
 []

[85]
Underfull \hbox (badness 10000) in paragraph at lines 190--190
[]\T1/lmr/m/n/9 Starter / Cus-tom
 []


Underfull \hbox (badness 10000) in paragraph at lines 190--191
[]\T1/lmr/m/n/9 Synapse Spark /
 []


Underfull \hbox (badness 1102) in paragraph at lines 191--191
[]\T1/lmr/m/n/9 Glue Stu-dio / EMR
 []


Underfull \hbox (badness 10000) in paragraph at lines 192--193
[]\T1/lmr/m/n/9 Synapse server-less;
 []


Overfull \hbox (5.71754pt too wide) in paragraph at lines 198--200
\T1/lmr/bx/n/10.95 Snowflake \T1/lmr/m/n/10.95 of-fers \T1/lmr/bx/n/10.95 Snow-
park \T1/lmr/m/n/10.95 for DataFrame-style pro-cess-ing, and \T1/lmr/bx/n/10.95
 Mon-goDB \T1/lmr/m/n/10.95 in-te-grates through
 []


Underfull \hbox (badness 10000) in paragraph at lines 210--211
[]\T1/lmr/bx/n/9 Azure Synapse /
 []


Underfull \hbox (badness 7186) in paragraph at lines 213--213
[]\T1/lmr/m/n/9 Sort keys / zone
 []


Underfull \hbox (badness 1275) in paragraph at lines 214--215
[]\T1/lmr/m/n/9 Result-set cache / BI
 []


Underfull \hbox (badness 1701) in paragraph at lines 215--215
[]\T1/lmr/m/n/9 Transient / tem-po-
 []


Underfull \hbox (badness 10000) in paragraph at lines 234--234
[]\T1/lmr/m/n/9 ElastiCache (Re-
 []


Underfull \hbox (badness 10000) in paragraph at lines 234--235
[]\T1/lmr/m/n/9 Memorystore (Re-
 []


Underfull \hbox (badness 10000) in paragraph at lines 235--235
[]\T1/lmr/m/n/9 AppSync / API
 []


Underfull \hbox (badness 10000) in paragraph at lines 236--236
[]\T1/lmr/m/n/9 DataSync / Snow
 []


Underfull \hbox (badness 6047) in paragraph at lines 236--237
[]\T1/lmr/m/n/9 Transfer Ap-pli-ance /
 []


Overfull \hbox (6.30594pt too wide) in paragraph at lines 248--250
\T1/lmr/m/n/10.95 GCP's Chap-ter 4 topic---Cloud Bigtable---is a wide-column, h
igh-throughput, low-latency NoSQL
 []

[86]
Underfull \hbox (badness 10000) in paragraph at lines 257--257
[]\T1/lmr/m/n/9 DynamoDB (key-
 []


Underfull \hbox (badness 10000) in paragraph at lines 257--258
[]\T1/lmr/m/n/9 Cosmos DB (multi-
 []


Underfull \hbox (badness 5189) in paragraph at lines 258--258
[]\T1/lmr/m/n/9 Keyspaces (Cas-san-
 []


Underfull \hbox (badness 2521) in paragraph at lines 258--259
[]\T1/lmr/m/n/9 Managed In-stance for
 []


Underfull \hbox (badness 2245) in paragraph at lines 279--280
[]\T1/lmr/m/n/9 BigQuery ta-ble clone;
 []


Underfull \hbox (badness 10000) in paragraph at lines 280--280
[]\T1/lmr/m/n/9 Point-in-time re-
 []


Underfull \hbox (badness 10000) in paragraph at lines 280--280
[]\T1/lmr/m/n/9 PITR (RDS/SQL
 []


Underfull \hbox (badness 10000) in paragraph at lines 281--281
[]\T1/lmr/m/n/9 Retention safety
 []


Underfull \hbox (badness 1661) in paragraph at lines 281--282
[]\T1/lmr/m/n/9 Backups; Delta VAC-
 []


Underfull \hbox (badness 10000) in paragraph at lines 282--283
[]\T1/lmr/m/n/9 Database Mi-gra-tion
 []

) [87] (backmatter/glossary.tex [88




]
Overfull \hbox (12.405pt too wide) in paragraph at lines 61--63
[]\T1/lmr/m/n/10.95 MongoDB's rule mech-a-nism (via \T1/lmtt/m/n/10.95 jsonSche
ma \T1/lmr/m/n/10.95 in \T1/lmtt/m/n/10.95 createCollection\T1/lmr/m/n/10.95 )
 []

[89] [90]) (main.bbl [91]
Underfull \hbox (badness 10000) in paragraph at lines 42--48
\T1/lmtt/m/n/10.95 / / docs . aws . amazon . com / redshift / latest / dg / mat
erialized-[]view-[]overview . html$[][]\T1/lmr/m/n/10.95 ,
 []

[92

]
Underfull \hbox (badness 10000) in paragraph at lines 135--141
[]\T1/lmr/m/n/10.95 Microsoft.  Azure synapse an-a-lyt-ics doc-u-men-ta-tion: M
a-te-ri-al-ized views.
 []


Underfull \hbox (badness 10000) in paragraph at lines 135--141
[][]$\T1/lmtt/m/n/10.95 https : / / learn . microsoft . com / azure / synapse-[
]analytics / sql-[]data-[]warehouse /
 []


Underfull \hbox (badness 10000) in paragraph at lines 143--149
[]\T1/lmr/m/n/10.95 Microsoft.  Azure synapse an-a-lyt-ics doc-u-men-ta-tion: R
e-sult set caching.
 []


Underfull \hbox (badness 10000) in paragraph at lines 143--149
[][]$\T1/lmtt/m/n/10.95 https : / / learn . microsoft . com / azure / synapse-[
]analytics / sql-[]data-[]warehouse /
 []


Underfull \hbox (badness 1052) in paragraph at lines 167--173
[]\T1/lmr/m/n/10.95 Snowflake Inc.  Snowflake doc-u-men-ta-tion: Au-to-matic cl
us-ter-ing.  [][]$\T1/lmtt/m/n/10.95 https : / / docs .
 []

[93]
Underfull \hbox (badness 10000) in paragraph at lines 257--263
[][]$\T1/lmtt/m/n/10.95 https : / / docs . snowflake . com / en / user-[]guide 
/ tables-[]clustering-[]micropartitions$[][]\T1/lmr/m/n/10.95 ,
 []

) (main.ind [94] [95

] [96]
Overfull \hbox (12.19096pt too wide) in paragraph at lines 233--235
[]\T1/lmr/m/n/10.95 SYSTEM$CLUSTERING_INFORMATION, [][]19[][],
 []

[97

]) (main.aux (chapters/chapter0-getting-started.aux)
(chapters/chapter1-architecture-storage.aux)
(chapters/chapter2-virtual-warehouses.aux)
(chapters/chapter3-tables-views-search-optimization.aux)
(chapters/chapter4-cloning-time-travel-failsafe.aux)
(chapters/appendix-cross-cloud-equivalence.aux))
 ***********
LaTeX2e <2026-06-01>
L3 programming layer <2026-06-18>
 ***********
Package rerunfilecheck Info: File `main.out' has not changed.
(rerunfilecheck)             Checksum: E1D2BC8A16D41027EF4A85E6E08D86DC;32524.
 ) 
Here is how much of TeX's memory you used:
 44821 strings out of 467510
 1048797 string characters out of 5404906
 2055167 words of memory out of 5000000
 71841 multiletter control sequences out of 15000+600000
 747593 words of font info for 111 fonts, out of 8000000 for 9000
 1141 hyphenation exceptions out of 8191
 121i,11n,124p,1195b,2230s stack positions out of 10000i,1000n,20000p,200000b,200000s
<C:/Users/aned.esquerra/AppData/Local/Programs/MiKTeX/fonts/type1/public/lm/l
mbx10.pfb><C:/Users/aned.esquerra/AppData/Local/Programs/MiKTeX/fonts/type1/pub
lic/lm/lmbx12.pfb><C:/Users/aned.esquerra/AppData/Local/Programs/MiKTeX/fonts/t
ype1/public/lm/lmbx8.pfb><C:/Users/aned.esquerra/AppData/Local/Programs/MiKTeX/
fonts/type1/public/lm/lmbx9.pfb><C:/Users/aned.esquerra/AppData/Local/Programs/
MiKTeX/fonts/type1/public/lm/lmbxi10.pfb><C:/Users/aned.esquerra/AppData/Local/
Programs/MiKTeX/fonts/type1/public/lm/lmcsc10.pfb><C:/Users/aned.esquerra/AppDa
ta/Local/Programs/MiKTeX/fonts/type1/public/lm/lmr10.pfb><C:/Users/aned.esquerr
a/AppData/Local/Programs/MiKTeX/fonts/type1/public/lm/lmr12.pfb><C:/Users/aned.
esquerra/AppData/Local/Programs/MiKTeX/fonts/type1/public/lm/lmr6.pfb><C:/Users
/aned.esquerra/AppData/Local/Programs/MiKTeX/fonts/type1/public/lm/lmr8.pfb><C:
/Users/aned.esquerra/AppData/Local/Programs/MiKTeX/fonts/type1/public/lm/lmr9.p
fb><C:/Users/aned.esquerra/AppData/Local/Programs/MiKTeX/fonts/type1/public/lm/
lmri10.pfb><C:/Users/aned.esquerra/AppData/Local/Programs/MiKTeX/fonts/type1/pu
blic/lm/lmri12.pfb><C:/Users/aned.esquerra/AppData/Local/Programs/MiKTeX/fonts/
type1/public/lm/lmri8.pfb><C:/Users/aned.esquerra/AppData/Local/Programs/MiKTeX
/fonts/type1/public/lm/lmro10.pfb><C:/Users/aned.esquerra/AppData/Local/Program
s/MiKTeX/fonts/type1/public/lm/lmtk10.pfb><C:/Users/aned.esquerra/AppData/Local
/Programs/MiKTeX/fonts/type1/public/lm/lmtt10.pfb><C:/Users/aned.esquerra/AppDa
ta/Local/Programs/MiKTeX/fonts/type1/public/lm/lmtt9.pfb>
Output written on main.pdf (106 pages, 1268820 bytes).
PDF statistics:
 3205 PDF objects out of 3580 (max. 8388607)
 1484 named destinations out of 1728 (max. 500000)
 1149 words of extra memory for PDF output out of 10000 (max. 10000000)

